noms,emojis,dÃ©chiffrÃ©,occurences
Jean-FranÃ§ois CopÃ©,í ½í³¢,Ä‘Åºâ€œË˜,155
Jean-FranÃ§ois CopÃ©,í ¼í·«í ¼í··,Ä‘Åºâ€¡Â«Ä‘Åºâ€¡Â·,11
Jean-FranÃ§ois CopÃ©,í ½í¸ˆ,Ä‘Åºï¿½ï¿½,11
Jean-FranÃ§ois CopÃ©,í ½í¸‚,Ä‘Åºï¿½â€š,10
Jean-FranÃ§ois CopÃ©,í ½í°,Ä‘Åºï¿½Å¤,9
Jean-FranÃ§ois CopÃ©,í ½í¸ ,Ä‘Åºï¿½Â ,8
Jean-FranÃ§ois CopÃ©,â€¼,Ã¢â‚¬Ä½,7
Jean-FranÃ§ois CopÃ©,í ½í¸¤,Ä‘Åºï¿½Â¤,7
Jean-FranÃ§ois CopÃ©,í ½í³»,Ä‘Åºâ€œÂ»,6
Jean-FranÃ§ois CopÃ©,í ½í¸‰,Ä‘Åºï¿½â€°,6
Jean-FranÃ§ois CopÃ©,â­,Ã¢Â­ï¿½,4
Jean-FranÃ§ois CopÃ©,í ½í±í ¼í¿¾,Ä‘Åºâ€˜Å½Ä‘ÅºÅ¹Ä¾,3
Jean-FranÃ§ois CopÃ©,í ¾í´“,Ä‘ÅºÂ¤â€œ,3
Jean-FranÃ§ois CopÃ©,í ½í±Œ,Ä‘Åºâ€˜Åš,2
Jean-FranÃ§ois CopÃ©,í ½í±,Ä‘Åºâ€˜Å¤,2
Jean-FranÃ§ois CopÃ©,í ½í´´,Ä‘Åºâ€Â´,2
Jean-FranÃ§ois CopÃ©,í ½í¸,Ä‘Åºï¿½ï¿½,2
Jean-FranÃ§ois CopÃ©,í ½í¸œ,Ä‘Åºï¿½Å›,2
Jean-FranÃ§ois CopÃ©,í ½í¸¡,Ä‘Åºï¿½Ë‡,2
Jean-FranÃ§ois CopÃ©,í ½í¸±,Ä‘Åºï¿½Â±,2
Jean-FranÃ§ois CopÃ©,í ½íº©,Ä‘ÅºÅ¡Â©,2
Jean-FranÃ§ois CopÃ©,í ¾í´”,Ä‘ÅºÂ¤â€,2
Jean-FranÃ§ois CopÃ©,â†ª,Ã¢â€ Å,1
Jean-FranÃ§ois CopÃ©,â˜º,Ã¢ï¿½ÅŸ,1
Jean-FranÃ§ois CopÃ©,â™¿,Ã¢â„¢Å¼,1
Jean-FranÃ§ois CopÃ©,âœŒí ¼í¿»,Ã¢Å›ÅšÄ‘ÅºÅ¹Â»,1
Jean-FranÃ§ois CopÃ©,í ¼í½©,Ä‘ÅºÅ¤Â©,1
Jean-FranÃ§ois CopÃ©,í ¼í¾¯,Ä‘ÅºÅ½Å»,1
Jean-FranÃ§ois CopÃ©,í ½í°‹,Ä‘Åºï¿½â€¹,1
Jean-FranÃ§ois CopÃ©,í ½í°“,Ä‘Åºï¿½â€œ,1
Jean-FranÃ§ois CopÃ©,í ½í±Œí ¼í¿¿,Ä‘Åºâ€˜ÅšÄ‘ÅºÅ¹Å¼,1
Jean-FranÃ§ois CopÃ©,í ½í±í ¼í¿»,Ä‘Åºâ€˜Å¤Ä‘ÅºÅ¹Â»,1
Jean-FranÃ§ois CopÃ©,í ½í²ªí ¼í¿»,Ä‘Åºâ€™ÅÄ‘ÅºÅ¹Â»,1
Jean-FranÃ§ois CopÃ©,í ½í²¸,Ä‘Åºâ€™Â¸,1
Jean-FranÃ§ois CopÃ©,í ½í´ª,Ä‘Åºâ€Å,1
Jean-FranÃ§ois CopÃ©,í ½í·¡,Ä‘Åºâ€”Ë‡,1
Jean-FranÃ§ois CopÃ©,í ½í·½,Ä‘Åºâ€”Ë,1
Jean-FranÃ§ois CopÃ©,í ½í¸€,Ä‘Åºï¿½â‚¬,1
Jean-FranÃ§ois CopÃ©,í ½í¸†,Ä‘Åºï¿½â€ ,1
Jean-FranÃ§ois CopÃ©,í ½í¸‡,Ä‘Åºï¿½â€¡,1
Jean-FranÃ§ois CopÃ©,í ½í¸Š,Ä‘Åºï¿½Å ,1
Jean-FranÃ§ois CopÃ©,í ½í¸,Ä‘Åºï¿½Å¥,1
Jean-FranÃ§ois CopÃ©,í ½í¸¨,Ä‘Åºï¿½Â¨,1
Jean-FranÃ§ois CopÃ©,í ½í¸«,Ä‘Åºï¿½Â«,1
Jean-FranÃ§ois CopÃ©,í ½í¸­,Ä‘Åºï¿½Â­,1
Jean-FranÃ§ois CopÃ©,í ½í¸²,Ä‘Åºï¿½Ë›,1
Jean-FranÃ§ois CopÃ©,í ½í¹ˆ,Ä‘Åºâ„¢ï¿½,1
Jean-FranÃ§ois CopÃ©,í ½íº¾,Ä‘ÅºÅ¡Ä¾,1
Jean-FranÃ§ois CopÃ©,í ¾í´—,Ä‘ÅºÂ¤â€”,1
FranÃ§ois Fillon,í ½í³¢,Ä‘Åºâ€œË˜,181
FranÃ§ois Fillon,í ¼í·«í ¼í··,Ä‘Åºâ€¡Â«Ä‘Åºâ€¡Â·,167
FranÃ§ois Fillon,í ½í²ªí ¼í¿»,Ä‘Åºâ€™ÅÄ‘ÅºÅ¹Â»,78
FranÃ§ois Fillon,â˜‘,Ã¢ï¿½â€˜,69
FranÃ§ois Fillon,í ¼í·§í ¼í·ª,Ä‘Åºâ€¡Â§Ä‘Åºâ€¡Å,62
FranÃ§ois Fillon,â˜•,Ã¢ï¿½â€¢,55
FranÃ§ois Fillon,â„¹,Ã¢â€Ä…,31
FranÃ§ois Fillon,â¤µ,Ã¢Â¤Âµ,31
FranÃ§ois Fillon,í ½í¹Š,Ä‘Åºâ„¢Å ,31
FranÃ§ois Fillon,í ½í³°,Ä‘Åºâ€œÂ°,26
FranÃ§ois Fillon,í ½í±‡,Ä‘Åºâ€˜â€¡,24
FranÃ§ois Fillon,â¡,Ã¢Å¾Ë‡,21
FranÃ§ois Fillon,âœ…,Ã¢Å›â€¦,20
FranÃ§ois Fillon,í ½í´¼,Ä‘Åºâ€Ä½,20
FranÃ§ois Fillon,í ½í´½,Ä‘Åºâ€Ë,20
FranÃ§ois Fillon,í ½í¸‚,Ä‘Åºï¿½â€š,19
FranÃ§ois Fillon,í ½í¸¡,Ä‘Åºï¿½Ë‡,18
FranÃ§ois Fillon,í ½í³,Ä‘Åºâ€œÅ¾,16
FranÃ§ois Fillon,â­,Ã¢Â­ï¿½,14
FranÃ§ois Fillon,í ½í¸‰,Ä‘Åºï¿½â€°,13
FranÃ§ois Fillon,â–¶,Ã¢â€“Â¶,12
FranÃ§ois Fillon,í ½í±Ší ¼í¿»,Ä‘Åºâ€˜Å Ä‘ÅºÅ¹Â»,12
FranÃ§ois Fillon,í ½í¸,Ä‘Åºï¿½ï¿½,12
FranÃ§ois Fillon,â¸,Ã¢Å¹Â¸,11
FranÃ§ois Fillon,í ½í±,Ä‘Åºâ€˜Å¤,11
FranÃ§ois Fillon,í ½í¸ ,Ä‘Åºï¿½Â ,10
FranÃ§ois Fillon,â«,Ã¢Å¹Â«,9
FranÃ§ois Fillon,â¬,Ã¢Å¹Â¬,9
FranÃ§ois Fillon,â˜º,Ã¢ï¿½ÅŸ,9
FranÃ§ois Fillon,í ½í±,Ä‘Åºâ€˜Å¹,8
FranÃ§ois Fillon,í ½í±í ¼í¿»,Ä‘Åºâ€˜Å¹Ä‘ÅºÅ¹Â»,8
FranÃ§ois Fillon,í ½í¸œ,Ä‘Åºï¿½Å›,8
FranÃ§ois Fillon,í ½í¸¤,Ä‘Åºï¿½Â¤,8
FranÃ§ois Fillon,â—,Ã¢Å¥â€”,7
FranÃ§ois Fillon,í ½í±,Ä‘Åºâ€˜Å½,7
FranÃ§ois Fillon,í ½í´´,Ä‘Åºâ€Â´,7
FranÃ§ois Fillon,â€¼,Ã¢â‚¬Ä½,6
FranÃ§ois Fillon,í ½í¸±,Ä‘Åºï¿½Â±,6
FranÃ§ois Fillon,í ½í¹„,Ä‘Åºâ„¢â€,6
FranÃ§ois Fillon,â©,Ã¢Å¹Â©,5
FranÃ§ois Fillon,âœŒ,Ã¢Å›Åš,5
FranÃ§ois Fillon,í ½í²¬,Ä‘Åºâ€™Â¬,5
FranÃ§ois Fillon,í ½í¸,Ä‘Åºï¿½Å¹,5
FranÃ§ois Fillon,í ¾í´”,Ä‘ÅºÂ¤â€,5
FranÃ§ois Fillon,í ½í´µ,Ä‘Åºâ€Âµ,4
FranÃ§ois Fillon,í ½í¸„,Ä‘Åºï¿½â€,4
FranÃ§ois Fillon,í ½íº©,Ä‘ÅºÅ¡Â©,4
FranÃ§ois Fillon,í ½í´Š,Ä‘Åºâ€Å ,3
FranÃ§ois Fillon,í ½í¸†,Ä‘Åºï¿½â€ ,3
FranÃ§ois Fillon,í ½í¸©,Ä‘Åºï¿½Â©,3
Alain JuppÃ©,í ¼í·«í ¼í··,Ä‘Åºâ€¡Â«Ä‘Åºâ€¡Â·,197
Alain JuppÃ©,í ½í´´,Ä‘Åºâ€Â´,115
Alain JuppÃ©,í ½í¸‚,Ä‘Åºï¿½â€š,78
Alain JuppÃ©,â¡,Ã¢Å¾Ë‡,71
Alain JuppÃ©,â˜‘,Ã¢ï¿½â€˜,69
Alain JuppÃ©,â—,Ã¢Å¥â€”,69
Alain JuppÃ©,í ½í¸‰,Ä‘Åºï¿½â€°,66
Alain JuppÃ©,í ½í±,Ä‘Åºâ€˜Å¹,64
Alain JuppÃ©,í ½í¸ ,Ä‘Åºï¿½Â ,36
Alain JuppÃ©,í ½íº¨,Ä‘ÅºÅ¡Â¨,34
Alain JuppÃ©,â€¼,Ã¢â‚¬Ä½,24
Alain JuppÃ©,â­,Ã¢Â­ï¿½,24
Alain JuppÃ©,â–¶,Ã¢â€“Â¶,21
Alain JuppÃ©,í ½í±,Ä‘Åºâ€˜Å¤,21
Alain JuppÃ©,í ½í´¼,Ä‘Åºâ€Ä½,20
Alain JuppÃ©,í ½í´½,Ä‘Åºâ€Ë,20
Alain JuppÃ©,í ½í¸¡,Ä‘Åºï¿½Ë‡,20
Alain JuppÃ©,â¸,Ã¢Å¹Â¸,11
Alain JuppÃ©,í ½í¸±,Ä‘Åºï¿½Â±,11
Alain JuppÃ©,â©,Ã¢Å¹Â©,9
Alain JuppÃ©,â«,Ã¢Å¹Â«,9
Alain JuppÃ©,â¬,Ã¢Å¹Â¬,9
Alain JuppÃ©,â¬‡,Ã¢Â¬â€¡,9
Alain JuppÃ©,í ½í±‰,Ä‘Åºâ€˜â€°,9
Alain JuppÃ©,í ½í¸,Ä‘Åºï¿½ï¿½,9
Alain JuppÃ©,í ½í¸œ,Ä‘Åºï¿½Å›,9
Alain JuppÃ©,í ½í¸¤,Ä‘Åºï¿½Â¤,9
Alain JuppÃ©,í ½í¸‡,Ä‘Åºï¿½â€¡,8
Alain JuppÃ©,í ½í¹„,Ä‘Åºâ„¢â€,8
Alain JuppÃ©,âœŒ,Ã¢Å›Åš,7
Alain JuppÃ©,í ½í³¢,Ä‘Åºâ€œË˜,7
Alain JuppÃ©,â˜º,Ã¢ï¿½ÅŸ,6
Alain JuppÃ©,í ½í³º,Ä‘Åºâ€œÅŸ,6
Alain JuppÃ©,í ½í¸Š,Ä‘Åºï¿½Å ,6
Alain JuppÃ©,í ½í¸©,Ä‘Åºï¿½Â©,6
Alain JuppÃ©,â•,Ã¢Å¾â€¢,5
Alain JuppÃ©,í ½í³»,Ä‘Åºâ€œÂ»,5
Alain JuppÃ©,í ½í¸,Ä‘Åºï¿½Å¹,5
Alain JuppÃ©,â“,Ã¢Å¥â€œ,4
Alain JuppÃ©,í ½í±,Ä‘Åºâ€˜Å½,4
Alain JuppÃ©,í ½í¸„,Ä‘Åºï¿½â€,4
Alain JuppÃ©,í ½í¹ƒ,Ä‘Åºâ„¢ï¿½,4
Alain JuppÃ©,í ½íº©,Ä‘ÅºÅ¡Â©,4
Alain JuppÃ©,í ½í±í ¼í¿¾,Ä‘Åºâ€˜Å½Ä‘ÅºÅ¹Ä¾,3
Alain JuppÃ©,í ½í¸,Ä‘Åºï¿½Å¥,3
Alain JuppÃ©,í ½í¸´,Ä‘Åºï¿½Â´,3
Alain JuppÃ©,í ¾í´“,Ä‘ÅºÂ¤â€œ,3
Alain JuppÃ©,í ½í±Œ,Ä‘Åºâ€˜Åš,2
Alain JuppÃ©,í ½í²£,Ä‘Åºâ€™Å,2
Alain JuppÃ©,í ½í²©,Ä‘Åºâ€™Â©,2
Bruno Le Maire,â¬‡,Ã¢Â¬â€¡,198
Bruno Le Maire,â¡,Ã¢Å¾Ë‡,112
Bruno Le Maire,í ½í¸‚,Ä‘Åºï¿½â€š,80
Bruno Le Maire,í ½íº€,Ä‘ÅºÅ¡â‚¬,47
Bruno Le Maire,í ½í¸,Ä‘Åºï¿½Å¹,45
Bruno Le Maire,â–¶,Ã¢â€“Â¶,21
Bruno Le Maire,â­,Ã¢Â­ï¿½,21
Bruno Le Maire,í ½í¸ƒ,Ä‘Åºï¿½ï¿½,17
Bruno Le Maire,í ½í¸‰,Ä‘Åºï¿½â€°,15
Bruno Le Maire,í ½í¸,Ä‘Åºï¿½Å½,14
Bruno Le Maire,í ½í²ªí ¼í¿¼,Ä‘Åºâ€™ÅÄ‘ÅºÅ¹Ä½,12
Bruno Le Maire,í ½í¸±,Ä‘Åºï¿½Â±,12
Bruno Le Maire,í ½í¸„,Ä‘Åºï¿½â€,11
Bruno Le Maire,í ½í´´,Ä‘Åºâ€Â´,10
Bruno Le Maire,í ½í¸¯,Ä‘Åºï¿½Å»,10
Bruno Le Maire,í ¼í·«í ¼í··,Ä‘Åºâ€¡Â«Ä‘Åºâ€¡Â·,9
Bruno Le Maire,í ½í¸Š,Ä‘Åºï¿½Å ,8
Bruno Le Maire,âœŒ,Ã¢Å›Åš,7
Bruno Le Maire,í ½í¸€,Ä‘Åºï¿½â‚¬,5
Bruno Le Maire,í ½í¸†,Ä‘Åºï¿½â€ ,5
Bruno Le Maire,í ½í´µ,Ä‘Åºâ€Âµ,4
Bruno Le Maire,í ¾í´”,Ä‘ÅºÂ¤â€,4
Bruno Le Maire,í ½í²¥,Ä‘Åºâ€™Ä„,3
Bruno Le Maire,í ½í±,Ä‘Åºâ€˜Å¤,2
Bruno Le Maire,í ½í¸…,Ä‘Åºï¿½â€¦,2
Bruno Le Maire,í ½í¸¬,Ä‘Åºï¿½Â¬,2
Bruno Le Maire,í ½íº©,Ä‘ÅºÅ¡Â©,2
Bruno Le Maire,í ¾í´—,Ä‘ÅºÂ¤â€”,2
Bruno Le Maire,â€¼,Ã¢â‚¬Ä½,1
Bruno Le Maire,â„¹,Ã¢â€Ä…,1
Bruno Le Maire,â©,Ã¢Å¹Â©,1
Bruno Le Maire,â™¿,Ã¢â„¢Å¼,1
Bruno Le Maire,í ¼í½©,Ä‘ÅºÅ¤Â©,1
Bruno Le Maire,í ¼í¾¶,Ä‘ÅºÅ½Â¶,1
Bruno Le Maire,í ¼í¾¼,Ä‘ÅºÅ½Ä½,1
Bruno Le Maire,í ½í°‹,Ä‘Åºï¿½â€¹,1
Bruno Le Maire,í ½í°“,Ä‘Åºï¿½â€œ,1
Bruno Le Maire,í ½í±Œ,Ä‘Åºâ€˜Åš,1
Bruno Le Maire,í ½í±í ¼í¿»,Ä‘Åºâ€˜Å¤Ä‘ÅºÅ¹Â»,1
Bruno Le Maire,í ½í±,Ä‘Åºâ€˜Å½,1
Bruno Le Maire,í ½í±,Ä‘Åºâ€˜Å¹,1
Bruno Le Maire,í ½í²í ¼í¿»,Ä‘Åºâ€™ï¿½Ä‘ÅºÅ¹Â»,1
Bruno Le Maire,í ½í²ªí ¼í¿»,Ä‘Åºâ€™ÅÄ‘ÅºÅ¹Â»,1
Bruno Le Maire,í ½í³·,Ä‘Åºâ€œÂ·,1
Bruno Le Maire,í ½í·½,Ä‘Åºâ€”Ë,1
Bruno Le Maire,í ½í¸,Ä‘Åºï¿½ï¿½,1
Bruno Le Maire,í ½í¸‡,Ä‘Åºï¿½â€¡,1
Bruno Le Maire,í ½í¸,Ä‘Åºï¿½Å¤,1
Bruno Le Maire,í ½í¸,Ä‘Åºï¿½ï¿½,1
Bruno Le Maire,í ½í¸•,Ä‘Åºï¿½â€¢,1
NKM,â©,Ã¢Å¹Â©,662
NKM,â¡,Ã¢Å¾Ë‡,321
NKM,í ½í³,Ä‘Åºâ€œÅ¥,252
NKM,í ½í¸‰,Ä‘Åºï¿½â€°,235
NKM,â–¶,Ã¢â€“Â¶,192
NKM,í ¼í·«í ¼í··,Ä‘Åºâ€¡Â«Ä‘Åºâ€¡Â·,190
NKM,í ½í³¢,Ä‘Åºâ€œË˜,167
NKM,í ¾í´”,Ä‘ÅºÂ¤â€,114
NKM,â†ª,Ã¢â€ Å,95
NKM,í ½í±Ší ¼í¿»,Ä‘Åºâ€˜Å Ä‘ÅºÅ¹Â»,72
NKM,â†”,Ã¢â€ â€,66
NKM,í ½í±í ¼í¿¼,Ä‘Åºâ€˜Å¤Ä‘ÅºÅ¹Ä½,46
NKM,â¬,Ã¢Å¹Â¬,40
NKM,í ¼í¼,Ä‘ÅºÅšÅ¾,40
NKM,í ½í¹„,Ä‘Åºâ„¢â€,37
NKM,í ½í¸‚,Ä‘Åºï¿½â€š,33
NKM,í ½í¸,Ä‘Åºï¿½Å½,32
NKM,í ½í±,Ä‘Åºâ€˜Å¤,30
NKM,í ½í³º,Ä‘Åºâ€œÅŸ,30
NKM,í ½í²ªí ¼í¿¼,Ä‘Åºâ€™ÅÄ‘ÅºÅ¹Ä½,28
NKM,í ½í¹‹í ¼í¿¼,Ä‘Åºâ„¢â€¹Ä‘ÅºÅ¹Ä½,24
NKM,í ½í¸,Ä‘Åºï¿½Å¹,23
NKM,â•,Ã¢Å¾â€¢,19
NKM,í ½í´“,Ä‘Åºâ€â€œ,19
NKM,â­,Ã¢Â­ï¿½,17
NKM,í ½í¸,Ä‘Åºï¿½ï¿½,15
NKM,âœŒ,Ã¢Å›Åš,14
NKM,í ½í¸©,Ä‘Åºï¿½Â©,12
NKM,â¸,Ã¢Å¹Â¸,11
NKM,í ½í´¼,Ä‘Åºâ€Ä½,11
NKM,í ½í´½,Ä‘Åºâ€Ë,11
NKM,â¬‡,Ã¢Â¬â€¡,10
NKM,í ¼í·ªí ¼í·º,Ä‘Åºâ€¡ÅÄ‘Åºâ€¡ÅŸ,8
NKM,í ½í±í ¼í¿»,Ä‘Åºâ€˜Å¹Ä‘ÅºÅ¹Â»,8
NKM,â†˜,Ã¢â€ ï¿½,6
NKM,í ½í¸¡,Ä‘Åºï¿½Ë‡,6
NKM,í ½í±‰,Ä‘Åºâ€˜â€°,5
NKM,í ½í³©,Ä‘Åºâ€œÂ©,5
NKM,í ½í´´,Ä‘Åºâ€Â´,5
NKM,í ½í¸Š,Ä‘Åºï¿½Å ,5
NKM,í ¼í¾†,Ä‘ÅºÅ½â€ ,4
NKM,í ½í¸¢,Ä‘Åºï¿½Ë˜,4
NKM,í ½í¸¹,Ä‘Åºï¿½Ä…,4
NKM,âŒ,Ã¢Å¥Åš,3
NKM,â”,Ã¢Å¥â€,3
NKM,í ½í±,Ä‘Åºâ€˜Å½,3
NKM,í ½í±í ¼í¿¾,Ä‘Åºâ€˜Å½Ä‘ÅºÅ¹Ä¾,3
NKM,í ½í±,Ä‘Åºâ€˜Å¹,3
NKM,í ½í¸’,Ä‘Åºï¿½â€™,3
NKM,í ½í¸œ,Ä‘Åºï¿½Å›,3
Jean-FrÃ©dÃ©ric Poisson,í ½í°Ÿ,Ä‘Åºï¿½Åº,9
Jean-FrÃ©dÃ©ric Poisson,í ½í¸Š,Ä‘Åºï¿½Å ,7
Jean-FrÃ©dÃ©ric Poisson,í ½í¸‚,Ä‘Åºï¿½â€š,5
Jean-FrÃ©dÃ©ric Poisson,í ½í¸‰,Ä‘Åºï¿½â€°,5
Jean-FrÃ©dÃ©ric Poisson,í ¼í·«í ¼í··,Ä‘Åºâ€¡Â«Ä‘Åºâ€¡Â·,4
Jean-FrÃ©dÃ©ric Poisson,í ¼í¼³,Ä‘ÅºÅšÅ‚,4
Jean-FrÃ©dÃ©ric Poisson,í ½í±,Ä‘Åºâ€˜Å¤,4
Jean-FrÃ©dÃ©ric Poisson,í ½í¸€,Ä‘Åºï¿½â‚¬,4
Jean-FrÃ©dÃ©ric Poisson,â¡,Ã¢Å¾Ë‡,1
Jean-FrÃ©dÃ©ric Poisson,â­,Ã¢Â­ï¿½,1
Jean-FrÃ©dÃ©ric Poisson,í ½í´´,Ä‘Åºâ€Â´,1
Jean-FrÃ©dÃ©ric Poisson,í ½í¸„,Ä‘Åºï¿½â€,1
Jean-FrÃ©dÃ©ric Poisson,í ½í¸¢,Ä‘Åºï¿½Ë˜,1
Jean-FrÃ©dÃ©ric Poisson,í ½í¸¨,Ä‘Åºï¿½Â¨,1
Jean-FrÃ©dÃ©ric Poisson,í ¾í´”,Ä‘ÅºÂ¤â€,1
Nicolas Sarkozy,í ¼í·«í ¼í··,Ä‘Åºâ€¡Â«Ä‘Åºâ€¡Â·,657
Nicolas Sarkozy,í ½í³º,Ä‘Åºâ€œÅŸ,413
Nicolas Sarkozy,í ½í´´,Ä‘Åºâ€Â´,327
Nicolas Sarkozy,í ½í¸‚,Ä‘Åºï¿½â€š,319
Nicolas Sarkozy,â¡,Ã¢Å¾Ë‡,240
Nicolas Sarkozy,â˜‘,Ã¢ï¿½â€˜,170
Nicolas Sarkozy,í ½í²ª,Ä‘Åºâ€™Å,163
Nicolas Sarkozy,í ½í±,Ä‘Åºâ€˜Å¹,157
Nicolas Sarkozy,í ½í¸‰,Ä‘Åºï¿½â€°,136
Nicolas Sarkozy,â©,Ã¢Å¹Â©,112
Nicolas Sarkozy,í ½í±,Ä‘Åºâ€˜Å¤,102
Nicolas Sarkozy,â€¼,Ã¢â‚¬Ä½,83
Nicolas Sarkozy,â—,Ã¢Å¥â€”,80
Nicolas Sarkozy,í ½í¸¡,Ä‘Åºï¿½Ë‡,72
Nicolas Sarkozy,â–¶,Ã¢â€“Â¶,62
Nicolas Sarkozy,í ½í³¡,Ä‘Åºâ€œË‡,62
Nicolas Sarkozy,í ½í±Š,Ä‘Åºâ€˜Å ,53
Nicolas Sarkozy,í ½í¸ ,Ä‘Åºï¿½Â ,50
Nicolas Sarkozy,â­,Ã¢Â­ï¿½,48
Nicolas Sarkozy,í ½í±‰,Ä‘Åºâ€˜â€°,47
Nicolas Sarkozy,í ½í¸±,Ä‘Åºï¿½Â±,41
Nicolas Sarkozy,í ½í³¢,Ä‘Åºâ€œË˜,40
Nicolas Sarkozy,í ½íº¨,Ä‘ÅºÅ¡Â¨,34
Nicolas Sarkozy,í ½í²¥,Ä‘Åºâ€™Ä„,32
Nicolas Sarkozy,í ½í¸,Ä‘Åºï¿½Å½,32
Nicolas Sarkozy,í ¾í´”,Ä‘ÅºÂ¤â€,32
Nicolas Sarkozy,í ½í¸,Ä‘Åºï¿½Å¹,30
Nicolas Sarkozy,í ½í³,Ä‘Åºâ€œÅ¤,29
Nicolas Sarkozy,í ½í·“,Ä‘Åºâ€”â€œ,29
Nicolas Sarkozy,í ½íº€,Ä‘ÅºÅ¡â‚¬,29
Nicolas Sarkozy,í ½í³»,Ä‘Åºâ€œÂ»,28
Nicolas Sarkozy,í ½í¸œ,Ä‘Åºï¿½Å›,26
Nicolas Sarkozy,í ½í¸¨,Ä‘Åºï¿½Â¨,24
Nicolas Sarkozy,í ½í¸,Ä‘Åºï¿½ï¿½,22
Nicolas Sarkozy,í ½í¹„,Ä‘Åºâ„¢â€,22
Nicolas Sarkozy,í ½í²¬,Ä‘Åºâ€™Â¬,21
Nicolas Sarkozy,í ½í´¼,Ä‘Åºâ€Ä½,20
Nicolas Sarkozy,í ½í´½,Ä‘Åºâ€Ë,20
Nicolas Sarkozy,í ½í¸©,Ä‘Åºï¿½Â©,20
Nicolas Sarkozy,í ½í¹Š,Ä‘Åºâ„¢Å ,19
Nicolas Sarkozy,í ½í·³,Ä‘Åºâ€”Å‚,18
Nicolas Sarkozy,í ½í¸ˆ,Ä‘Åºï¿½ï¿½,18
Nicolas Sarkozy,í ½í¸¤,Ä‘Åºï¿½Â¤,17
Nicolas Sarkozy,í ½í±í ¼í¿¼,Ä‘Åºâ€˜Å¤Ä‘ÅºÅ¹Ä½,16
Nicolas Sarkozy,í ½í¸€,Ä‘Åºï¿½â‚¬,15
Nicolas Sarkozy,í ½í±‡,Ä‘Åºâ€˜â€¡,14
Nicolas Sarkozy,í ½í¸„,Ä‘Åºï¿½â€,14
Nicolas Sarkozy,í ¼í¼³,Ä‘ÅºÅšÅ‚,13
Nicolas Sarkozy,í ½í¸Š,Ä‘Åºï¿½Å ,13
Nicolas Sarkozy,í ½í¸–,Ä‘Åºï¿½â€“,13
