"Agence","Code","Département","Nombre de retours à l'emploi","Taux de paiements dans les délais","Taux de satisfaction des demandeurs d'emploi","Taux de satisfaction des entreprises","Nombre de demandeurs d'emploi","Taille moyenne des portefeuilles suivis","Taille moyenne des portefeuilles guidés","Taille moyenne des portefeuilles renforcés"
"ABBEVILLE","PIC0010",80,3639,"93 %","67 %","67 %",4558,353,143,91
"ABYMES DOTHEMARE","GUA0027",971,2685,"89 %","54 %","65 %",9248,205,168,83
"AGDE","LAN0062",34,5822,"93 %","73 %","67 %",6528,289,165,72
"AGEN","AQU0040",47,8589,"94 %","63 %","69 %",8108,372,175,63
"AIX  PEROUSE","PAC0034",13,3553,"96 %","70 %","62 %",3447,193,121,61
"AIX CLUB HIPPIQUE","PAC0047",13,4740,"94 %","61 %","62 %",4639,214,175,53
"AIX LES BAINS","RHA0138",73,4769,"94 %","72 %","65 %",3603,307,167,59
"AIX THUMINE","PAC0040",13,4325,"91 %","70 %","62 %",4625,204,120,63
"AJACCIO","COR0007","2A2B",5572,"94 %","71 %","77 %",5965,447,131,43
"ALBERTVILLE","RHA0139",73,14601,"97 %","69 %","65 %",7641,173,95,50
"ALBI","MPY0022",1281,5302,"95 %","71 %","68 %",5799,219,127,80
"ALENCON","BNO0010",61,3322,"94 %","58 %","64 %",3550,130,92,95
"ALES AVENE","LAN0024",3048,4491,"95 %","58 %","66 %",6207,385,195,85
"ALES GARDON","LAN0032",3048,3877,"95 %","65 %","66 %",6354,146,190,92
"ALTKIRCH","ALS0060",68,2774,"94 %","71 %","68 %",3073,376,205,64
"AMBERIEU EN BUGEY","RHA0221",1,3390,"93 %","53 %","59 %",2699,273,154,75
"AMBOISE","CEN0031",37,3853,"94 %","64 %","67 %",3242,342,188,71
"AMIENS DURY","PIC0008",80,4896,"94 %","61 %","67 %",5462,343,184,112
"AMIENS MILLEVOYE","PIC0011",80,4771,"93 %","60 %","67 %",6222,339,480,99
"AMIENS TELLIER","PIC0019",80,3960,"93 %","54 %","67 %",5177,525,174,81
"ANCENIS","PDL0098",44,3586,"93 %","63 %","59 %",2289,194,152,66
"ANDERNOS","AQU0095",33,3413,"94 %","78 %","65 %",2903,344,155,70
"ANDREZIEUX BOUTHEON","RHA0158",42,4150,"94 %","58 %","65 %",3355,221,106,66
"ANGERS BALZAC","PDL0120",49,5797,"93 %","55 %","64 %",5678,266,134,70
"ANGERS CAPUCINS","PDL0112",49,6886,"92 %","58 %","64 %",6106,294,125,58
"ANGERS EUROPE","PDL0121",49,4866,"93 %","52 %","64 %",5319,357,150,61
"ANGERS LA ROSERAIE","PDL0117",49,5717,"93 %","56 %","64 %",5740,347,182,66
"ANGOULEME LA COURONNE","PCH0052",16,5678,"94 %","62 %","66 %",6327,464,172,51
"ANGOULEME SAINT-MARTIAL","PCH0049",16,5703,"94 %","65 %","66 %",5759,348,137,67
"ANNECY","RHA0107",74,6969,"94 %","69 %","60 %",4999,206,146,65
"ANNEMASSE","RHA0112",74,5441,"92 %","70 %","60 %",6781,356,138,67
"ANNONAY","RHA0201",726,3743,"93 %","68 %","66 %",3344,177,142,72
"ANTIBES VALLAURIS","PAC0152",6,8903,"94 %","71 %","66 %",8917,360,181,70
"ANTONY","IDF0198",92,5491,"94 %","64 %","58 %",5543,185,127,79
"ANTONY CADRES","IDF0429",92,1877,"95 %","67 %","58 %",2126,"ND","ND","ND"
"ANZIN","NPC0090",59,4629,"95 %","58 %","67 %",6476,253,182,94
"APT","PAC0113",84,1782,"96 %","78 %","66 %",2074,381,189,68
"ARC LES GRAY","FRC0017",3970,2377,"94 %","66 %","68 %",1946,346,171,88
"ARGELES SUR MER","LAN0011",66,3184,"93 %","64 %","65 %",3630,367,237,70
"ARGENTAN","BNO0015",61,2137,"93 %","77 %","64 %",2152,169,112,81
"ARGENTEUIL","IDF0116",95,7007,"91 %","56 %","62 %",8854,186,155,70
"ARGENTON SUR CREUSE","CEN0012",36,2806,"94 %","57 %","59 %",3187,386,233,79
"ARLES","PAC0050",13,7243,"93 %","55 %","62 %",7689,315,153,59
"ARMENTIERES","NPC0061",59,3460,"96 %","62 %","67 %",3595,211,147,79
"ARPAJON","IDF0143",91,4375,"94 %","64 %","62 %",3953,147,111,73
"ARRAS RIVAGE","NPC0136",62,4728,"93 %","60 %","70 %",4628,284,248,59
"ARRAS SYMPHORINE","NPC0169",62,3993,"94 %","72 %","70 %",4659,292,180,81
"ASNIERES-SUR-SEINE","IDF0159",92,4493,"93 %","70 %","58 %",4493,156,138,70
"AUBAGNE","PAC0052",13,5363,"96 %","70 %","62 %",5621,296,106,67
"AUBENAS","RHA0202",726,6791,"96 %","62 %","66 %",7733,350,224,65
"AUBERVILLIERS","IDF0253",93,5340,"95 %","60 %","69 %",7056,348,115,70
"AUBIGNY SUR NERE","CEN0101",18,1587,"92 %","49 %","62 %",1608,311,214,68
"AUBUSSON","LIM0020",2319,1368,"96 %","ND","68 %",1822,480,218,69
"AUCH","MPY0068",93265,4227,"93 %","70 %","75 %",4188,241,129,82
"AUDINCOURT","FRC0053",2590,2855,"93 %","64 %","65 %",3382,406,158,76
"AULNAY-SOUS-BOIS","IDF0254",93,5400,"94 %","59 %","69 %",6219,331,177,73
"AULNOYE AYMERIES","NPC0103",59,1301,"97 %","ND","67 %",1920,256,190,80
"AURAY","BRE0022",56,6613,"93 %","62 %","59 %",5589,272,156,73
"AURILLAC","AUV0048",4315,4957,"89 %","65 %","70 %",3886,310,169,67
"AUSSILLON","MPY0025",1281,2756,"95 %","71 %","68 %",2760,307,184,78
"AUTUN","BRG0042",71,1894,"97 %","74 %","67 %",1879,326,138,63
"AUXERRE CLAIRIONS","BRG0012",89,6570,"93 %","55 %","65 %",6458,328,142,65
"AVALLON","BRG0020",89,1805,"93 %","67 %","65 %",1946,202,125,86
"AVESNES SUR HELPE","NPC0104",59,2433,"97 %","ND","67 %",4166,261,169,76
"AVIGNON AGROPARC","PAC0112",84,4419,"94 %","60 %","66 %",5128,447,203,72
"AVIGNON APOLLINAIRE","PAC0120",84,2904,"93 %","ND","66 %",4400,344,158,71
"AVON","IDF0339",77,2399,"95 %","71 %","65 %",2345,165,158,58
"AVRANCHES","BNO0035",50,3679,"92 %","55 %","64 %",3016,313,192,73
"BAGNEUX","IDF0201",92,3325,"94 %","64 %","58 %",3761,240,134,86
"BAGNOLS SUR CEZE","LAN0034",3048,4836,"93 %","70 %","66 %",5557,369,121,91
"BAIE MAHAULT","GUA0018",971,2290,"90 %","51 %","65 %",5999,163,108,62
"BAILLEUL","NPC0063",59,2714,"95 %","58 %","67 %",2702,367,155,87
"BAPAUME","NPC0175",62,1406,"95 %","ND","70 %",1201,194,101,103
"BAR LE DUC","LOR0058",55,2911,"94 %","65 %","81 %",2990,253,138,68
"BAR SUR AUBE","CHA0063",10,1328,"92 %","ND","63 %",1729,181,162,89
"BARENTIN","HNO0031",76,3148,"95 %","61 %","61 %",2552,316,150,70
"BASSE TERRE DESMARAIS","GUA0013",971,1384,"91 %","ND","65 %",5333,176,159,51
"BASTIA","COR0015","2A2B",5668,"94 %","66 %","77 %",7142,477,236,47
"BAYEUX","BNO0059",14,4319,"93 %","58 %","67 %",3681,182,140,76
"BAYONNE MARINE","AQU0017",64,5363,"90 %","62 %","68 %",4448,346,171,69
"BEAUCAIRE","LAN0039",3048,3184,"81 %","52 %","66 %",3949,240,192,104
"BEAUNE","BRG0063",21,4786,"96 %","61 %","65 %",4020,373,165,76
"BEAUPREAU","PDL0116",49,4936,"96 %","59 %","64 %",3030,211,145,71
"BEAUVAIS DELIE","PIC0046",60,4145,"96 %","61 %","63 %",4814,369,247,71
"BEAUVAIS MYKONOS","PIC0032",60,6208,"96 %","57 %","63 %",6835,470,266,85
"BEGLES","AQU0113",33,2018,"92 %","58 %","65 %",1862,370,92,33
"BELFORT EUROPE","FRC0036",2590,4368,"96 %","68 %","65 %",5151,281,158,72
"BELFORT THIERS","FRC0042",2590,3051,"92 %","65 %","65 %",3391,269,157,77
"BELLAC","LIM0016",87,1706,"93 %","61 %","63 %",1753,357,184,70
"BELLEVILLE","RHA0066",69,2340,"84 %","64 %","62 %",1813,140,96,76
"BELLEY","RHA0224",1,2531,"94 %","72 %","59 %",2223,627,83,46
"BERCK","NPC0140",62,3972,"95 %","73 %","70 %",4189,462,176,96
"BERGERAC","AQU0066",24,5004,"94 %","63 %","66 %",6247,275,136,65
"BERNAY","HNO0063",27,3861,"91 %","59 %","64 %",4168,337,190,92
"BESANCON PALENTE","FRC0038",2590,4488,"94 %","64 %","65 %",3949,345,180,110
"BESANCON PLANOISE","FRC0052",2590,3721,"93 %","62 %","65 %",3973,424,270,83
"BESANCON TEMIS","FRC0025",2590,4696,"94 %","68 %","65 %",4186,396,177,92
"BETHUNE","NPC0142",62,4162,"93 %","70 %","70 %",5372,311,167,71
"BEZIERS CAPISCOL","LAN0067",34,7103,"95 %","70 %","67 %",8973,347,120,67
"BEZIERS COURONDELLE","LAN0054",34,6323,"93 %","68 %","67 %",8279,358,145,79
"BEZONS","IDF1462",95,1782,"95 %","ND","62 %",2023,191,137,69
"BIARRITZ","AQU0022",64,4568,"93 %","71 %","68 %",4029,320,127,77
"BLAGNAC","MPY0094",31,4806,"93 %","58 %","64 %",4225,213,110,83
"BLAIN","PDL0072",44,2747,"94 %","59 %","59 %",2085,156,139,84
"BLAYE","AQU0112",33,4076,"94 %","61 %","65 %",4313,329,146,71
"BLOIS GARE","CEN0043",41,5179,"92 %","58 %","68 %",4458,354,117,88
"BLOIS LYAUTEY","CEN0047",41,5567,"94 %","67 %","68 %",4882,270,139,65
"BOBIGNY","IDF0261",93,3382,"93 %","55 %","69 %",4768,182,170,75
"BOIS-COLOMBES CADRES","IDF0428",92,3630,"95 %","71 %","58 %",4221,"ND","ND","ND"
"BOLLENE","PAC0116",84,2800,"93 %","64 %","66 %",3064,352,159,69
"BONDY","IDF0251",93,4643,"96 %","57 %","69 %",6110,234,230,72
"BORDEAUX BASTIDE","AQU0107",33,3798,"93 %","57 %","65 %",3686,253,121,72
"BORDEAUX MERIADECK","AQU0101",33,6800,"95 %","65 %","65 %",6505,251,136,67
"BORDEAUX NORD","AQU0100",33,5645,"95 %","64 %","65 %",5602,329,156,63
"BORDEAUX SAINT JEAN","AQU0099",33,4227,"93 %","59 %","65 %",3828,236,126,56
"BOUCAU","AQU0010",64,5229,"91 %","61 %","68 %",4157,279,173,81
"BOUILLANTE","GUA0025",971,965,"94 %","63 %","65 %",3385,261,178,29
"BOULOGNE","NPC0144",62,4604,"97 %","73 %","70 %",6358,385,217,80
"BOULOGNE-BILLANCOURT","IDF0182",92,4758,"91 %","65 %","58 %",4780,162,210,49
"BOURG EN BRESSE","RHA0216",1,10058,"93 %","64 %","59 %",8073,212,103,58
"BOURGES BAUDENS","CEN0094",18,4919,"94 %","75 %","62 %",5620,327,168,71
"BOURGES PROSPECTIVE","CEN0100",18,3431,"94 %","66 %","62 %",4220,422,178,73
"BOURGOIN JALLIEU","RHA0037",38,3814,"95 %","62 %","63 %",3318,386,237,65
"BRESSUIRE","PCH0038",79,4010,"86 %","64 %","69 %",2876,503,199,68
"BREST EUROPE","BRE0032",29,5600,"95 %","62 %","64 %",5545,336,137,76
"BREST IROISE","BRE0049",29,5694,"92 %","58 %","64 %",5622,293,143,77
"BREST MARINE","BRE0039",29,4834,"95 %","57 %","64 %",5087,322,132,75
"BRETIGNY-SUR-ORGE","IDF0150",91,3208,"95 %","62 %","62 %",2966,367,125,65
"BRIANCON","PAC0141",405,4955,"95 %","76 %","72 %",2846,176,127,88
"BRIEY","LOR0046",54,3911,"90 %","68 %","68 %",4236,380,225,65
"BRIGNOLES","PAC0098",83,4700,"95 %","65 %","68 %",5675,347,198,82
"BRIOUDE","AUV0040",4315,2520,"93 %","62 %","70 %",2011,404,93,73
"BRIVE LA MARQUISIE","LIM0023",2319,6638,"92 %","63 %","68 %",6455,274,185,77
"BRON","RHA0079",69,3509,"88 %","48 %","62 %",3400,154,155,56
"BRUAY LA BUISSIERE","NPC0150",62,3695,"94 %","64 %","70 %",5140,331,189,69
"BRUNOY","IDF0144",91,5311,"93 %","49 %","62 %",5320,400,218,53
"CACHAN","IDF0288",94,3599,"95 %","70 %","62 %",3955,342,151,66
"CAEN CENTRE","BNO0054",14,2411,"91 %","45 %","67 %",2764,325,197,78
"CAEN EST","BNO0053",14,4492,"95 %","59 %","67 %",3951,288,115,64
"CAEN NORD","BNO0051",14,4140,"94 %","60 %","67 %",3955,208,155,68
"CAEN OUEST","BNO0062",14,3911,"93 %","57 %","67 %",3369,204,172,72
"CAEN SUD","BNO0061",14,3452,"93 %","56 %","67 %",3616,375,149,64
"CAGNES -SUR-MER","PAC0171",6,6088,"94 %","73 %","66 %",5978,330,187,78
"CAHORS HAUTESSERRE","MPY0046",4682,3858,"94 %","71 %","67 %",4386,266,111,66
"CALAIS MOLLIEN","NPC0151",62,4195,"94 %","59 %","70 %",5800,328,226,74
"CALAIS NATION","NPC0152",62,4314,"95 %","65 %","70 %",5628,261,202,64
"CALUIRE ET CUIRE","RHA0090",69,2084,"91 %","61 %","62 %",1924,136,96,64
"CAMBRAI","NPC0106",59,4170,"97 %","70 %","67 %",5752,355,154,68
"CANNES","PAC0164",6,3840,"95 %","67 %","66 %",4256,430,190,79
"CAPESTERRE LES FLAMBOYANTS","GUA0024",971,1294,"94 %","ND","65 %",5350,170,146,76
"CARCASSONNE","LAN0084",11,7118,"92 %","66 %","72 %",9190,318,158,86
"CARHAIX","BRE0046",29,3189,"91 %","64 %","64 %",3464,315,146,63
"CARMAUX","MPY0026",1281,1720,"93 %","70 %","68 %",1986,336,124,74
"CARPENTRAS","PAC0121",84,6836,"93 %","71 %","66 %",7916,384,229,62
"CARVIN","NPC0157",62,2361,"94 %","ND","70 %",3302,348,181,79
"CASTELGINEST","MPY0095",31,5912,"95 %","65 %","64 %",4924,184,113,56
"CASTELNAUDARY","LAN0092",11,2022,"95 %","79 %","72 %",2329,304,130,72
"CASTELSARRASIN","MPY0045",4682,5326,"95 %","57 %","67 %",5307,274,137,60
"CASTRES","MPY0023",1281,4725,"95 %","70 %","68 %",5324,187,127,57
"CAUDRY","NPC0108",59,2704,"96 %","75 %","67 %",3746,370,145,76
"CAVAILLON","PAC0115",84,4769,"94 %","68 %","66 %",5196,429,175,68
"CAYENNE BADUEL","GUY0008",973,2381,"91 %","62 %","72 %",5829,276,313,68
"CAYENNE COLLERY","GUY0003",973,2006,"90 %","ND","72 %",5105,262,209,87
"CAYENNE MONTABO","GUY0005",973,847,"92 %","ND","72 %",2650,259,281,68
"CENON","AQU0114",33,7051,"95 %","65 %","65 %",6967,317,138,64
"CERET","LAN0010",66,1913,"93 %","84 %","65 %",2551,303,209,63
"CERGY","IDF0113",95,9946,"94 %","60 %","62 %",10029,202,157,55
"CERGY CADRES","IDF0426",95,857,"96 %","77 %","62 %",946,"ND","ND","ND"
"CHALLANS","PDL0022",85,6121,"95 %","70 %","68 %",4953,270,161,83
"CHALON PARADIS","BRG0036",71,3957,"96 %","59 %","67 %",3725,298,159,72
"CHALON SAINT COSME","BRG0038",71,4896,"94 %","66 %","67 %",4103,202,223,53
"CHALONS EN CHAMPAGNE","CHA0035",51,5668,"89 %","64 %","71 %",5577,280,130,78
"CHAMALIERES","AUV0028",63,3348,"92 %","59 %","67 %",2964,247,155,84
"CHAMBERY COMBES","RHA0132",73,4575,"94 %","64 %","65 %",3806,99,127,59
"CHAMBERY JOPPET","RHA0135",73,4651,"94 %","64 %","65 %",3680,346,116,63
"CHAMPIGNY-SUR-MARNE","IDF0299",94,5766,"92 %","63 %","62 %",6534,336,161,78
"CHARLEVILLE MEZIERES MONTJOLY","CHA0038",8,2887,"94 %","67 %","67 %",4006,328,130,57
"CHARLEVILLE MEZIERES VAL DE VENCE","CHA0045",8,3349,"93 %","61 %","67 %",4347,230,123,75
"CHARTRES","CEN0088",28,5334,"93 %","63 %","60 %",4901,565,175,79
"CHATEAU DU LOIR","PDL0037",5372,1857,"89 %","ND","60 %",1895,348,146,82
"CHATEAU GONTIER","PDL0053",5372,2804,"95 %","69 %","60 %",1925,255,194,64
"CHATEAU THIERRY","PIC0061",2,4221,"93 %","61 %","67 %",4427,376,230,74
"CHATEAUBRIANT","PDL0088",44,3360,"84 %","46 %","59 %",2690,114,143,61
"CHATEAUDUN","CEN0086",28,2719,"94 %","58 %","60 %",2716,338,125,85
"CHATEAU-GOMBERT","PAC0039",13,6031,"93 %","69 %","62 %",8031,354,191,70
"CHATEAURENARD","PAC0044",13,4421,"96 %","64 %","62 %",4425,307,197,76
"CHATEAUROUX BALSAN","CEN0007",36,6200,"95 %","61 %","59 %",6207,493,146,72
"CHATELLERAULT","PCH0018",86,5358,"84 %","65 %","67 %",4371,280,177,71
"CHAUMONT","CHA0006",52,2905,"92 %","77 %","71 %",2701,304,105,68
"CHAUNY","PIC0060",2,3216,"95 %","65 %","67 %",4824,324,270,71
"CHELLES","IDF0348",77,4005,"95 %","63 %","65 %",4252,155,214,51
"CHERBOURG CENTRE","BNO0026",50,3177,"93 %","63 %","64 %",2984,318,150,45
"CHERBOURG LA NOÉ","BNO0030",50,2909,"91 %","69 %","64 %",2612,288,155,67
"CHERBOURG OUEST","BNO0036",50,3275,"95 %","57 %","64 %",3085,324,141,64
"CHESSY VAL D'EUROPE","IDF0344",77,3957,"92 %","67 %","65 %",3584,201,203,69
"CHINON","CEN0034",37,4051,"94 %","59 %","67 %",3552,507,158,81
"CHOISY-LE-ROI","IDF0300",94,6797,"94 %","63 %","62 %",7563,274,157,57
"CHOLET","PDL0111",49,7208,"94 %","70 %","64 %",5386,534,112,87
"CLERMONT EST","AUV0029",63,4332,"94 %","60 %","67 %",4931,198,185,70
"CLERMONT FITZ JAMES","PIC0041",60,5551,"96 %","62 %","63 %",5199,484,251,75
"CLERMONT L'HERAULT","LAN0075",34,4718,"93 %","69 %","67 %",5650,226,137,79
"CLERMONT NORD","AUV0017",63,4575,"89 %","50 %","67 %",4859,179,111,58
"CLERMONT OUEST","AUV0013",63,3094,"93 %","54 %","67 %",2979,219,145,68
"CLICHY-LA-GARÈNNE","IDF0196",92,3936,"92 %","66 %","58 %",4350,245,179,74
"CLICHY-SOUS-BOIS","IDF0259",93,5438,"95 %","56 %","69 %",6306,211,206,85
"CLISSON","PDL0080",44,3825,"91 %","66 %","59 %",2241,237,128,87
"CLOTILDE 2","REU0036",974,2264,"90 %","60 %","71 %",4605,273,234,75
"CLUSES","RHA0115",74,8627,"93 %","55 %","60 %",6602,895,170,72
"COGNAC","PCH0054",16,4716,"94 %","59 %","66 %",4287,358,153,68
"COLMAR EUROPE","ALS0045",68,4957,"94 %","63 %","68 %",4723,311,233,65
"COLMAR LACARRE","ALS0055",68,5017,"95 %","63 %","68 %",4766,299,233,122
"COLOMBES","IDF0184",92,4542,"94 %","63 %","58 %",5377,212,166,94
"COLOMIERS","MPY0092",31,6098,"93 %","62 %","64 %",5529,263,111,58
"COMBOURG","BRE0078",35,3615,"91 %","52 %","62 %",2687,263,161,78
"COMMERCY","LOR0062",55,2013,"93 %","65 %","81 %",2522,211,175,74
"COMPIEGNE DE LESSEPS","PIC0030",60,3948,"95 %","72 %","63 %",3410,393,153,76
"COMPIEGNE MARGNY","PIC0034",60,3679,"96 %","64 %","63 %",3393,340,184,90
"CONCARNEAU","BRE0050",29,3103,"95 %","50 %","64 %",2765,272,109,70
"CONDE SUR L'ESCAUT","NPC0109",59,2432,"95 %","76 %","67 %",3565,366,131,65
"CONDOM","MPY0069",93265,2538,"96 %","70 %","75 %",2411,205,130,85
"CONFLANS-SAINTE-HONORINE","IDF0382",78,3150,"95 %","70 %","58 %",2997,202,174,81
"CONFOLENS","PCH0056",16,2862,"94 %","66 %","66 %",3167,346,89,75
"CORBEIL-ESSONNES","IDF0135",91,7161,"95 %","63 %","62 %",6558,316,163,83
"COSNE COURS SUR LOIRE","BRG0026",58,2403,"93 %","65 %","71 %",2738,421,146,65
"COUDEKERQUE","NPC0023",59,4624,"95 %","66 %","67 %",5175,393,169,71
"COULOMMIERS","IDF0331",77,3968,"97 %","65 %","65 %",3711,369,141,65
"COURBEVOIE","IDF0186",92,5228,"93 %","63 %","58 %",5391,195,110,85
"COURNON","AUV0031",63,4758,"91 %","61 %","67 %",4388,324,114,68
"COUTANCES","BNO0034",50,3670,"93 %","68 %","64 %",3071,224,119,69
"CREIL MONTATAIRE","PIC0028",60,4199,"96 %","73 %","63 %",4335,417,219,80
"CREIL NOGENT","PIC0042",60,4058,"96 %","68 %","63 %",4403,392,441,73
"CREIL SAINT MAXIMIN","PIC0036",60,3484,"95 %","69 %","63 %",3427,299,266,64
"CREPY EN VALOIS","PIC0039",60,3223,"93 %","63 %","63 %",2890,316,240,53
"CREST","RHA0198",726,3677,"89 %","63 %","66 %",4011,254,140,85
"CRÉTEIL","IDF0286",94,5783,"92 %","64 %","62 %",6834,185,244,56
"CREUTZWALD","LOR0078",57,3872,"93 %","69 %","71 %",3388,250,131,66
"CROIX","NPC0039",59,2231,"96 %","54 %","67 %",2305,156,177,82
"CUSSET","AUV0058",3,3495,"96 %","67 %","64 %",3547,404,211,69
"DAMMARIE-LES-LYS","IDF0334",77,8086,"94 %","64 %","65 %",7804,257,147,69
"DAX","AQU0047",40,4464,"96 %","66 %","63 %",3370,225,138,70
"DECAZEVILLE","MPY0027",1281,1325,"96 %","74 %","68 %",1465,139,94,73
"DECIZE","BRG0022",58,2058,"96 %","59 %","71 %",2483,238,206,69
"DENAIN","NPC0111",59,5319,"97 %","73 %","67 %",7224,305,165,77
"DIEPPE","HNO0046",76,6997,"94 %","69 %","61 %",6776,333,143,69
"DIGNE","PAC0130",405,5235,"92 %","65 %","72 %",3334,342,237,92
"DIGOIN","BRG0046",71,3682,"96 %","64 %","67 %",3560,341,161,72
"DIJON EST","BRG0066",21,4619,"95 %","56 %","65 %",5110,340,201,75
"DIJON NORD","BRG0064",21,4656,"95 %","48 %","65 %",4651,351,225,95
"DIJON OUEST","BRG0056",21,4050,"95 %","65 %","65 %",4845,421,166,54
"DIJON SUD","BRG0051",21,4237,"92 %","53 %","65 %",4473,437,167,70
"DINAN","BRE0095",22,5771,"91 %","57 %","58 %",4787,185,108,75
"DOLE","FRC0023",3970,5192,"93 %","73 %","68 %",4472,301,159,61
"DOMONT","IDF0486",95,3502,"90 %","65 %","62 %",3492,209,164,51
"DOUAI","NPC0114",59,6697,"95 %","67 %","67 %",7487,343,161,78
"DOUARNENEZ","BRE0040",29,4101,"97 %","69 %","64 %",3929,358,151,76
"DOULLENS","PIC0014",80,1822,"94 %","ND","67 %",2324,558,217,98
"DOURDAN","IDF0139",91,1730,"92 %","67 %","62 %",1488,261,88,77
"DRAGUIGNAN","PAC0094",83,5562,"96 %","67 %","68 %",6317,466,131,77
"DRANCY","IDF0219",93,4072,"93 %","ND","69 %",5455,303,145,64
"DREUX","CEN0082",28,4290,"93 %","59 %","60 %",5105,366,148,67
"DUNKERQUE BAZENNES","NPC0065",59,3527,"97 %","66 %","67 %",4539,179,172,90
"DZOUMOGNE","REU0054",976,628,"ND","ND","ND",1968,240,159,70
"ECHIROLLES","RHA0025",38,5674,"94 %","59 %","63 %",4882,378,152,65
"ELBEUF","HNO0022",76,3998,"94 %","62 %","61 %",4279,409,149,74
"EPERNAY","CHA0028",51,3792,"91 %","74 %","71 %",3699,278,205,71
"EPINAL DUTAC","LOR0008",88,3670,"95 %","66 %","76 %",4313,319,147,76
"EPINAL VOIVRE","LOR0019",88,3658,"95 %","66 %","76 %",4771,270,174,68
"EPINAY-SUR-SEINE","IDF0238",93,4463,"95 %","66 %","69 %",5598,257,117,69
"ERMONT","IDF0109",95,9838,"90 %","61 %","62 %",10289,173,132,59
"ETAMPES","IDF0138",91,4200,"94 %","66 %","62 %",4041,251,139,62
"EVREUX BROSSOLETTE","HNO0059",27,5094,"93 %","58 %","64 %",5527,258,150,68
"EVREUX DELAUNE","HNO0065",27,4409,"92 %","67 %","64 %",4398,313,210,69
"EVRY","IDF0145",91,6168,"94 %","65 %","62 %",6202,313,130,83
"FALAISE","BNO0058",14,2841,"91 %","55 %","67 %",2410,132,153,77
"FECAMP","HNO0024",76,3371,"95 %","73 %","61 %",3424,327,178,76
"FIGEAC","MPY0047",4682,2634,"94 %","62 %","67 %",2081,286,94,59
"FIRMINY","RHA0162",42,3002,"95 %","75 %","65 %",3649,399,97,68
"FLERS","BNO0013",61,4662,"87 %","62 %","64 %",4317,345,108,67
"FOIX","MPY0123",93265,2844,"96 %","72 %","75 %",3198,149,141,71
"FONTAINE","RHA0026",38,5337,"93 %","65 %","63 %",4406,456,123,74
"FONTENAY LE COMTE","PDL0021",85,4201,"89 %","62 %","68 %",3431,284,168,63
"FONTENAY-SOUS-BOIS","IDF0295",94,2651,"94 %","51 %","62 %",2865,170,124,66
"FORBACH CARREFOUR EUROPE","LOR0084",57,2924,"94 %","81 %","71 %",3667,246,176,61
"FORBACH VILLE HAUTE","LOR0067",57,2781,"93 %","76 %","71 %",4012,359,139,43
"FORGES LES EAUX","HNO0026",76,2920,"97 %","69 %","61 %",2796,236,167,70
"FORT DE FRANCE KERLYS","MAR0021",972,3827,"93 %","55 %","69 %",9095,455,229,75
"FOUGERES","BRE0074",35,4162,"93 %","48 %","62 %",3192,260,120,74
"FREJUS","PAC0093",83,4242,"96 %","68 %","68 %",4210,300,183,61
"FRIVILLE ESCARBOTIN","PIC0015",80,3222,"95 %","72 %","67 %",3440,495,208,113
"FUTUROSCOPE","PCH0022",86,3441,"87 %","60 %","67 %",2396,378,158,70
"GAILLAC","MPY0021",1281,2614,"95 %","64 %","68 %",2861,197,168,79
"GAP","PAC0135",405,7866,"93 %","60 %","72 %",6272,248,139,78
"GARDANNE","PAC0054",13,4613,"95 %","66 %","62 %",4399,315,147,72
"GARGES-LÈS-GONESSE","IDF0114",95,4437,"92 %","58 %","62 %",5142,281,140,70
"GENNEVILLIERS","IDF0187",92,4555,"93 %","59 %","58 %",5860,259,157,74
"GERARDMER","LOR0018",88,1271,"92 %","ND","76 %",1055,175,171,57
"GIEN","CEN0060",45,4071,"93 %","66 %","63 %",3799,265,219,69
"GISORS","HNO0205",27,3125,"88 %","65 %","64 %",2856,264,228,83
"GIVORS","RHA0088",69,3220,"92 %","73 %","62 %",3383,198,163,71
"GOLFE ST TROPEZ","PAC0099",83,6126,"93 %","72 %","68 %",6153,266,150,74
"GONESSE","IDF0120",95,6989,"92 %","58 %","62 %",6718,205,117,72
"GRANDE SYNTHE","NPC0035",59,3298,"96 %","76 %","67 %",4048,250,170,62
"GRANVILLE","BNO0033",50,3165,"87 %","56 %","64 %",2689,346,159,67
"GRASSE","PAC0170",6,5892,"90 %","70 %","66 %",6049,255,155,78
"GRAULHET","MPY0024",1281,3092,"95 %","72 %","68 %",3123,246,128,88
"GRAVELINES","NPC0070",59,2496,"96 %","ND","67 %",2410,204,208,101
"GRENOBLE ALLIES","RHA0240",38,2443,"87 %","55 %","63 %",2663,601,108,44
"GRENOBLE EUROPOLE","RHA0032",38,3522,"94 %","63 %","63 %",3305,160,110,70
"GRENOBLE MUSSET","RHA0021",38,2964,"93 %","70 %","63 %",3235,370,113,55
"GUEBWILLER","ALS0046",68,3631,"94 %","62 %","68 %",3304,202,143,101
"GUERET","LIM0017",2319,3383,"92 %","70 %","68 %",3784,463,309,88
"GUINGAMP","BRE0096",22,4762,"96 %","56 %","58 %",4794,216,149,65
"GUYANCOURT","IDF0383",78,4335,"94 %","64 %","58 %",3881,111,109,79
"GUYANCOURT CADRES","IDF0432",78,2779,"94 %","76 %","58 %",3099,"ND","ND","ND"
"HAGONDANGE","LOR0099",57,4732,"93 %","67 %","71 %",4458,323,116,64
"HAGUENAU","ALS0020",67,6666,"96 %","70 %","65 %",5859,630,147,54
"HALLUIN","NPC0040",59,3414,"97 %","66 %","67 %",3392,259,177,67
"HAM","PIC0016",80,2199,"95 %","ND","67 %",2043,297,190,137
"HARFLEUR","HNO0032",76,3510,"95 %","74 %","61 %",3296,251,179,70
"HAUBOURDIN","NPC0058",59,4659,"96 %","56 %","67 %",4892,271,168,69
"HAYANGE","LOR0098",57,4510,"89 %","73 %","71 %",5445,268,162,89
"HAZEBROUCK","NPC0041",59,2450,"96 %","58 %","67 %",2528,103,146,72
"HEM","NPC0009",59,2447,"97 %","59 %","67 %",2537,157,191,88
"HENIN-BEAUMONT","NPC0158",62,5882,"96 %","63 %","70 %",5565,349,173,59
"HERBLAY","IDF0112",95,3996,"91 %","65 %","62 %",4119,191,127,64
"HEROUVILLE","BNO0060",14,3599,"92 %","59 %","67 %",3542,231,155,77
"HESDIN","NPC0160",62,2054,"94 %","54 %","70 %",2257,326,303,106
"HIRSON","PIC0062",2,1389,"96 %","ND","67 %",2286,422,187,95
"HONFLEUR","BNO0057",14,3257,"93 %","67 %","67 %",3025,199,105,83
"HYERES","PAC0092",83,6477,"94 %","76 %","68 %",6683,246,195,66
"ILE ROUSSE","COR0020","2A2B",2024,"95 %","ND","77 %",2200,487,198,72
"ISSOIRE","AUV0023",63,3364,"94 %","62 %","67 %",3076,281,154,59
"ISSOUDUN","CEN0015",36,1653,"93 %","61 %","59 %",1766,205,123,74
"ISSY-LES-MOULINEAUX","IDF0200",92,6209,"94 %","62 %","58 %",5664,215,165,60
"ISSY-LES-MOULINEAUX CADRES","IDF0178",92,2119,"94 %","73 %","58 %",2808,"ND","ND","ND"
"ISTRES","PAC0063",13,4150,"95 %","63 %","62 %",4205,262,178,65
"IVRY-SUR-SEINE","IDF0301",94,3666,"95 %","70 %","62 %",4160,205,175,53
"JOIGNY","BRG0021",89,3000,"95 %","55 %","65 %",2777,351,158,93
"JONZAC","PCH0072",17,2845,"96 %","67 %","65 %",3147,364,157,60
"JOUE LES TOURS","CEN0035",37,5317,"92 %","58 %","67 %",4678,320,170,74
"JUVISY-SUR-ORGE","IDF0140",91,4307,"96 %","67 %","62 %",3998,112,124,61
"KOUROU","GUY0011",973,1254,"92 %","69 %","72 %",3779,387,224,84
"LA BAULE GUERANDE","PDL0079",44,4826,"92 %","70 %","59 %",4013,264,167,83
"LA CIOTAT","PAC0053",13,3813,"93 %","68 %","62 %",3890,394,190,58
"LA COTE SAINT ANDRE","RHA0020",38,4022,"91 %","57 %","63 %",3358,234,166,72
"LA COURNEUVE","IDF0246",93,4607,"88 %","56 %","69 %",5753,203,170,63
"LA FERTE BERNARD","PDL0042",5372,3107,"94 %","81 %","60 %",2417,229,110,85
"LA FERTÉ-SOUS-JOUARRE","IDF0330",77,2721,"95 %","75 %","65 %",2886,279,172,59
"LA FLECHE","PDL0041",5372,2720,"91 %","ND","60 %",2127,516,180,61
"LA MADELEINE","NPC0031",59,4112,"96 %","65 %","67 %",4126,161,233,59
"LA POSSESSION","REU0010",974,2078,"94 %","58 %","71 %",3943,458,396,61
"LA RIVIERE","REU0026",974,2265,"90 %","ND","71 %",5734,252,281,69
"LA ROCHE NORD","PDL0018",85,6183,"92 %","55 %","68 %",5063,286,189,60
"LA ROCHE SUD","PDL0017",85,5680,"95 %","60 %","68 %",4651,216,178,70
"LA ROCHELLE LAGORD","PCH0077",17,5326,"93 %","62 %","65 %",4639,461,153,69
"LA ROCHELLE-BEL AIR","PCH0073",17,4410,"92 %","63 %","65 %",4614,414,182,74
"LA ROCHELLE-VILLENEUVE","PCH0075",17,6054,"90 %","70 %","65 %",5510,417,171,75
"LA SEYNE SUR MER","PAC0091",83,5056,"94 %","62 %","68 %",5719,481,183,63
"LA TESTE","AQU0109",33,7000,"92 %","68 %","65 %",6457,319,151,69
"LA TOUR DU PIN","RHA0030",38,5240,"90 %","58 %","63 %",4547,1125,161,68
"LA TRINITE","MAR0007",972,2288,"92 %","ND","69 %",5637,216,237,79
"LA VALETTE","PAC0088",83,6575,"93 %","72 %","68 %",6518,320,164,79
"LABEGE","MPY0096",31,4198,"92 %","64 %","64 %",3742,122,138,72
"LAGNY","IDF0349",77,2731,"91 %","65 %","65 %",2585,170,135,79
"L'AIGLE","BNO0016",61,1871,"94 %","ND","64 %",2000,247,117,37
"LAMBALLE","BRE0094",22,3655,"94 %","68 %","58 %",2786,159,152,67
"LANDERNEAU","BRE0047",29,3861,"95 %","61 %","64 %",3199,103,120,74
"LANESTER","BRE0016",56,5787,"95 %","59 %","59 %",4979,279,143,77
"LANGON","AQU0108",33,7170,"92 %","67 %","65 %",7941,339,140,74
"LANGRES ","CHA0011",52,2042,"97 %","86 %","71 %",1761,275,151,70
"LANNEMEZAN","MPY0065",93265,2536,"94 %","69 %","75 %",2144,150,112,62
"LANNION","BRE0098",22,5261,"94 %","64 %","58 %",4995,196,128,75
"LAON","PIC0063",2,5198,"94 %","77 %","67 %",7015,295,233,74
"LAVAL FERRIE","PDL0052",5372,4780,"93 %","70 %","60 %",3179,133,134,70
"LAVAL SAINT NICOLAS","PDL0050",5372,3904,"94 %","68 %","60 %",3229,240,130,62
"LAVELANET","MPY0120",93265,1380,"95 %","79 %","75 %",1867,229,60,55
"LE BLANC-MESNIL","IDF0239",93,3304,"93 %","55 %","69 %",4417,237,158,99
"LE BOUSCAT","AQU0102",33,4584,"93 %","60 %","65 %",3904,329,134,69
"LE CANNET","PAC0173",6,4769,"92 %","67 %","66 %",4812,373,186,72
"LE CANNET COEUR DU VAR","PAC0080",83,3306,"94 %","63 %","68 %",3725,334,169,68
"LE CATEAU-CAMBRESIS","NPC0091",59,1486,"97 %","ND","67 %",2285,440,166,55
"LE CREUSOT","BRG0043",71,2532,"94 %","64 %","67 %",2681,382,158,73
"LE FRANCOIS","MAR0112",972,324,"95 %","ND","69 %",3376,346,154,73
"LE HAVRE FERRER","HNO0033",76,4587,"92 %","67 %","61 %",6550,332,234,70
"LE HAVRE SOUDAY","HNO0043",76,3112,"93 %","64 %","61 %",4013,243,184,68
"LE HAVRE VILLE HAUTE","HNO0017",76,3306,"94 %","54 %","61 %",4515,344,179,97
"LE MANS FACULTE","PDL0031",5372,8228,"89 %","55 %","60 %",6964,348,228,62
"LE MANS GARE","PDL0039",5372,6305,"91 %","61 %","60 %",6283,270,214,59
"LE MANS LES SABLONS","PDL0038",5372,5179,"92 %","47 %","60 %",5875,217,162,76
"LE MARIN MONTGERALD","MAR0006",972,2315,"91 %","54 %","69 %",4416,230,152,64
"LE PONTET","PAC0117",84,5696,"95 %","63 %","66 %",6117,433,232,77
"LE PORT","REU0017",974,2515,"91 %","ND","71 %",6612,257,284,88
"LE PUY EN VELAY","AUV0041",4315,4469,"94 %","58 %","70 %",4667,470,99,59
"LE QUESNOY","NPC0092",59,1583,"97 %","69 %","67 %",1968,170,144,63
"LE TAMPON","REU0028",974,5472,"92 %","58 %","71 %",12905,384,374,74
"LE TREPORT","HNO0025",76,2363,"94 %","58 %","61 %",2335,434,178,67
"LE VIGAN","LAN0038",3048,2821,"91 %","68 %","66 %",2677,247,178,69
"LENS GARE","NPC0138",62,4935,"94 %","62 %","70 %",6158,350,220,67
"LENS ZOLA","NPC0161",62,4851,"95 %","64 %","70 %",5925,156,162,49
"L'EPERON","REU0016",974,3868,"94 %","55 %","71 %",8134,367,282,49
"LES HERBIERS","PDL0020",85,5942,"95 %","63 %","68 %",3107,296,161,63
"LES MUREAUX","IDF0373",78,5478,"91 %","60 %","58 %",5808,230,117,78
"LES ULIS","IDF0152",91,3788,"95 %","63 %","62 %",3449,457,163,64
"LEVALLOIS-PERRET","IDF0188",92,3552,"96 %","70 %","58 %",3942,234,88,67
"LEZIGNAN CORBIERES","LAN0090",11,2307,"93 %","73 %","72 %",2769,365,164,72
"L'HAY-LES-ROSES","IDF0291",94,3769,"97 %","66 %","62 %",3945,335,141,60
"LIBOURNE","AQU0111",33,8594,"94 %","59 %","65 %",10206,352,139,74
"LIEVIN","NPC0173",62,4561,"94 %","62 %","70 %",5878,232,185,78
"LILLE GRAND SUD","NPC0032",59,4928,"95 %","49 %","67 %",6759,420,208,65
"LILLE PORT FLUVIAL","NPC0026",59,4100,"98 %","56 %","67 %",4858,381,185,68
"LILLE REPUBLIQUE","NPC0044",59,4286,"96 %","48 %","67 %",5045,401,238,74
"LILLE VAUCANSON","NPC0024",59,4647,"95 %","53 %","67 %",4742,294,171,67
"LILLEBONNE","HNO0045",76,3810,"91 %","ND","61 %",3930,407,148,68
"LILLERS","NPC0164",62,2951,"95 %","71 %","70 %",3668,110,151,60
"LIMOGES LECLERC","LIM0014",87,5559,"93 %","55 %","63 %",6398,285,158,74
"LIMOGES VENTADOUR","LIM0011",87,6178,"94 %","50 %","63 %",6676,408,198,80
"LIMOUX","LAN0087",11,2027,"88 %","65 %","72 %",2862,307,193,69
"LINGOLSHEIM","ALS0016",67,4913,"96 %","66 %","65 %",5154,350,159,61
"LISIEUX","BNO0055",14,4987,"95 %","60 %","67 %",4615,233,99,73
"L'ISLE JOURDAIN","MPY0064",93265,2089,"96 %","58 %","75 %",1705,121,138,59
"LIVRY-GARGAN","IDF0264",93,3457,"94 %","57 %","69 %",3774,176,121,80
"LOCHES","CEN0033",37,2452,"95 %","66 %","67 %",2266,282,155,85
"LOMME","NPC0057",59,4187,"97 %","59 %","67 %",4431,281,195,75
"LONGJUMEAU","IDF0149",91,3987,"94 %","66 %","62 %",3366,286,117,77
"LONGUENESSE","NPC0128",62,6538,"94 %","67 %","70 %",7454,287,211,71
"LONGWY","LOR0048",54,3741,"88 %","65 %","68 %",4926,147,219,52
"LONS","AQU0014",64,4818,"94 %","62 %","68 %",4257,339,192,73
"LONS LE SAUNIER","FRC0018",3970,5773,"95 %","67 %","68 %",4185,374,174,79
"LORIENT MARINE","BRE0017",56,3622,"96 %","58 %","59 %",3603,239,176,55
"LORIENT VILLE","BRE0018",56,4581,"96 %","62 %","59 %",4630,327,152,68
"LORMONT","AQU0098",33,7194,"94 %","66 %","65 %",6628,244,134,72
"LOUDEAC","BRE0099",22,2522,"91 %","ND","58 %",2134,272,106,56
"LOUDUN","PCH0014",86,1786,"81 %","64 %","67 %",1352,499,228,78
"LOUHANS","BRG0047",71,3281,"96 %","71 %","67 %",2893,338,153,63
"LOURDES","MPY0066",93265,4800,"97 %","79 %","75 %",4078,260,129,71
"LOUVIERS","HNO0062",27,5482,"94 %","70 %","64 %",4715,241,162,99
"LUCE","CEN0080",28,6019,"94 %","62 %","60 %",5108,275,158,112
"LUCON","PDL0454",85,2910,"96 %","63 %","68 %",2621,232,207,124
"LUNEL","LAN0060",34,3905,"95 %","62 %","67 %",4109,243,125,73
"LUNEVILLE","LOR0052",54,3462,"91 %","67 %","68 %",4338,280,181,71
"LURE","FRC0011",3970,3350,"94 %","69 %","68 %",3722,348,166,82
"LUXEUIL","FRC0014",3970,1986,"94 %","66 %","68 %",2204,379,136,76
"LYON ALBERT THOMAS","RHA0081",69,5124,"95 %","53 %","62 %",4627,216,167,65
"LYON BOLLIER","RHA0078",69,5096,"96 %","60 %","62 %",4431,160,121,47
"LYON CONFLUENCE","RHA0074",69,3390,"89 %","69 %","62 %",3100,199,88,60
"LYON CROIX-ROUSSE","RHA0065",69,1774,"92 %","62 %","62 %",1570,143,99,69
"LYON VAISE","RHA0075",69,5698,"87 %","55 %","62 %",5493,254,155,75
"LYON VIVIER MERLE","RHA0076",69,7227,"93 %","54 %","62 %",6695,153,98,66
"MACHECOUL","PDL0084",44,3044,"93 %","67 %","59 %",2007,160,78,76
"MACON","BRG0037",71,6277,"95 %","67 %","67 %",5008,281,178,76
"MAISONS-ALFORT","IDF0297",94,7300,"93 %","61 %","62 %",7973,249,101,66
"MAMERS","PDL0044",5372,2497,"91 %","ND","60 %",2136,283,158,79
"MANDELIEU","PAC0168",6,4237,"91 %","76 %","66 %",4430,268,184,76
"MANGOT VULCIN","MAR0023",972,2762,"93 %","68 %","69 %",4335,347,139,70
"MANOSQUE","PAC0132",405,4911,"96 %","68 %","72 %",5221,422,195,95
"MANTES-LA-JOLIE","IDF0372",78,10113,"94 %","58 %","58 %",11200,280,125,71
"MARIE GALANTE","GUA0016",971,433,"91 %","ND","65 %",1402,121,106,70
"MARIGNANE","PAC0055",13,3859,"93 %","59 %","62 %",4305,508,139,67
"MARMANDE","AQU0041",47,4535,"95 %","68 %","69 %",4807,305,148,66
"MARSEILLE BAILLE","PAC0066",13,3193,"91 %","64 %","62 %",3674,281,190,75
"MARSEILLE BELLE DE MAI","PAC0064",13,6019,"94 %","64 %","62 %",9096,206,127,79
"MARSEILLE BOUGAINVILLE","PAC0068",13,3659,"85 %","ND","62 %",5773,289,160,71
"MARSEILLE CARRE GABRIEL","PAC0062",13,3794,"94 %","59 %","62 %",6125,333,191,75
"MARSEILLE CHARTREUX","PAC0019",13,3315,"93 %","73 %","62 %",3825,411,178,87
"MARSEILLE MOUREPIANE","PAC0042",13,3495,"92 %","ND","62 %",5135,306,180,67
"MARSEILLE PARADIS","PAC0067",13,5618,"94 %","68 %","62 %",6917,321,167,64
"MARSEILLE PHARO","PAC0065",13,2783,"95 %","64 %","62 %",3002,195,155,58
"MARSEILLE PONT DE VIVAUX","PAC0060",13,6274,"93 %","60 %","62 %",8044,378,219,71
"MARSEILLE SAINT CHARLES","PAC0020",13,3379,"95 %","65 %","62 %",4749,395,144,69
"MARSEILLE VALENTINE","PAC0061",13,5685,"96 %","67 %","62 %",6640,443,179,78
"MARTIGUES","PAC0056",13,6191,"95 %","67 %","62 %",6540,345,170,68
"MAUBEUGE GARE","NPC0093",59,3116,"97 %","74 %","67 %",5626,306,216,75
"MAUBEUGE PASTEUR","NPC0089",59,2639,"96 %","68 %","67 %",4907,315,156,64
"MAYENNE","PDL0054",5372,3670,"93 %","63 %","60 %",3127,177,143,83
"MEAUX","IDF0332",77,7435,"91 %","57 %","65 %",7040,338,167,79
"MELLE","PCH0036",79,2188,"88 %","52 %","69 %",1898,464,174,73
"MENDE","LAN0030",3048,3206,"94 %","57 %","66 %",2747,169,215,98
"MENTON","PAC0169",6,4516,"94 %","74 %","66 %",5487,367,165,69
"MERIGNAC","AQU0106",33,5488,"93 %","59 %","65 %",4654,368,162,77
"MERU","PIC0045",60,3365,"93 %","70 %","63 %",3430,324,264,82
"METZ BLIDA","LOR0070",57,3813,"93 %","58 %","71 %",4501,282,197,67
"METZ SEBASTOPOL","LOR0094",57,4863,"92 %","65 %","71 %",5275,330,164,82
"METZ TAISON","LOR0089",57,3742,"93 %","59 %","71 %",4106,365,265,63
"MEXIMIEUX","RHA0211",1,3618,"94 %","65 %","59 %",2739,434,89,63
"MEYTHET","RHA0104",74,5336,"94 %","70 %","60 %",4217,217,149,91
"MEYZIEU","RHA0095",69,4289,"90 %","63 %","62 %",4001,226,137,74
"MILLAU","MPY0028",1281,3638,"95 %","77 %","68 %",3606,236,159,84
"MIRAMAS","PAC0008",13,2869,"94 %","68 %","62 %",2874,350,170,75
"MITRY-MORY","IDF0341",77,4763,"92 %","62 %","65 %",4558,212,151,67
"MOLSHEIM-SCHIRMECK","ALS0022",67,5944,"92 %","61 %","65 %",4614,289,170,66
"MONISTROL","AUV0044",4315,4251,"94 %","68 %","70 %",3459,354,107,42
"MONT DE MARSAN","AQU0043",40,6905,"95 %","66 %","63 %",5816,287,143,69
"MONTAIGU","PDL0016",85,2784,"93 %","61 %","68 %",1499,366,146,69
"MONTARGIS","CEN0069",45,6942,"96 %","69 %","63 %",8111,269,159,81
"MONTAUBAN ALBASUD","MPY0042",4682,5929,"94 %","58 %","67 %",6207,279,145,76
"MONTAUBAN NORD","MPY0044",4682,4087,"96 %","61 %","67 %",4587,326,112,73
"MONTBARD-CHATILLON","BRG0061",21,2634,"93 %","59 %","65 %",2954,428,112,75
"MONTBELIARD CENTRE","FRC0048",2590,2482,"96 %","65 %","65 %",2710,306,136,77
"MONTBELIARD HEXAGONE","FRC0034",2590,3564,"95 %","67 %","65 %",3777,264,181,81
"MONTBRISON","RHA0159",42,4718,"94 %","68 %","65 %",4013,151,120,52
"MONTCEAU LES MINES","BRG0045",71,2639,"97 %","66 %","67 %",2965,255,182,57
"MONTDIDIER","PIC0021",80,2313,"97 %","68 %","67 %",2187,265,192,84
"MONTELIMAR","RHA0193",726,6046,"92 %","64 %","66 %",6421,360,292,72
"MONTEREAU-FAULT-YONNE","IDF0335",77,4099,"93 %","57 %","65 %",4289,172,173,68
"MONTIGNY LES METZ","LOR0097",57,3738,"93 %","66 %","71 %",3828,290,204,71
"MONTLUCON NORD","AUV0054",3,2142,"91 %","56 %","64 %",2609,313,157,83
"MONTLUCON SUD","AUV0064",3,2956,"93 %","67 %","64 %",3883,240,150,77
"MONTMELIAN","RHA0134",73,2089,"91 %","59 %","65 %",1484,420,72,45
"MONTMORILLON","PCH0020",86,3124,"92 %","70 %","67 %",2786,273,190,71
"MONTPELLIER CASTELNAU","LAN0057",34,12800,"90 %","65 %","67 %",13493,452,158,66
"MONTPELLIER CELLENEUVE","LAN0071",34,5986,"90 %","56 %","67 %",6939,199,140,70
"MONTPELLIER MALBOSC","LAN0049",34,5461,"94 %","59 %","67 %",5997,352,181,64
"MONTPELLIER MAS DE GRILLE","LAN0050",34,7605,"91 %","64 %","67 %",8010,442,177,67
"MONTPELLIER MEDITERRANEE","LAN0056",34,7619,"93 %","69 %","67 %",7815,208,126,63
"MONTREUIL SOUS BOIS","IDF0255",93,10478,"95 %","55 %","69 %",11578,238,232,64
"MONTROUGE","IDF0190",92,7042,"93 %","61 %","58 %",7035,304,185,58
"MORLAIX","BRE0042",29,6811,"95 %","61 %","64 %",6344,300,164,67
"MORNE A L'EAU ESPERANCE","GUA0014",971,1964,"85 %","ND","65 %",6220,52,79,88
"MORTAGNE","BNO0017",61,1968,"95 %","69 %","64 %",1850,139,121,90
"MORTEAU","FRC0045",2590,2913,"95 %","69 %","65 %",2877,756,293,90
"MOULINS","AUV0061",3,4546,"94 %","57 %","64 %",5077,312,157,68
"MOURENX","AQU0020",64,3170,"96 %","73 %","68 %",2677,249,165,78
"MULHOUSE DROUOT","ALS0040",68,4961,"96 %","73 %","68 %",5547,335,135,74
"MULHOUSE VERRIERS","ALS0041",68,4234,"93 %","64 %","68 %",4722,311,138,81
"MULHOUSE-NORD","ALS0050",68,3399,"95 %","63 %","68 %",3825,295,94,70
"MULHOUSE-PORTE DE BALE","ALS0047",68,3641,"94 %","62 %","68 %",5120,198,352,67
"MURET","MPY0104",31,7915,"91 %","61 %","64 %",8049,258,126,76
"NANCY CRISTALLERIE","LOR0039",54,3660,"94 %","65 %","68 %",4853,247,179,69
"NANCY GENTILLY","LOR0032",54,2964,"93 %","69 %","68 %",4311,329,99,76
"NANCY MAJORELLE","LOR0027",54,3055,"91 %","59 %","68 %",4129,214,190,69
"NANCY SAINT THIEBAUT","LOR0053",54,2532,"92 %","49 %","68 %",3211,279,121,70
"NANTERRE","IDF0179",92,5450,"94 %","60 %","58 %",6604,278,137,60
"NANTERRE CADRES","IDF0181",92,1851,"96 %","79 %","58 %",2263,"ND","ND","ND"
"NANTES CENTRE","PDL0091",44,5616,"86 %","52 %","59 %",5088,439,195,101
"NANTES CHANTENAY","PDL0076",44,4608,"92 %","68 %","59 %",4563,267,175,68
"NANTES HALUCHERE","PDL0100",44,5898,"86 %","61 %","59 %",5244,388,132,66
"NANTES MALAKOFF","PDL0092",44,4793,"94 %","54 %","59 %",4278,256,163,68
"NANTES NORD","PDL0082",44,5682,"89 %","56 %","59 %",4918,307,143,76
"NANTES SAINTE-LUCE","PDL0074",44,5644,"90 %","62 %","59 %",4247,217,153,68
"NARBONNE","LAN0088",11,8285,"93 %","70 %","72 %",10025,295,143,116
"NEMOURS","IDF0336",77,2760,"95 %","59 %","65 %",2785,246,137,61
"NEUFCHATEAU","LOR0016",88,2898,"95 %","72 %","76 %",3148,284,144,68
"NEUILLY-SUR-MARNE","IDF0263",93,3369,"95 %","70 %","69 %",3617,240,146,62
"NEUVILLE SUR SAONE","RHA0064",69,2154,"90 %","61 %","62 %",1893,140,112,82
"NEVERS","BRG0004",58,4279,"95 %","65 %","71 %",4539,395,140,68
"NICE CENTRE","PAC0175",6,7406,"92 %","66 %","66 %",8565,314,201,75
"NICE EST","PAC0174",6,5847,"94 %","67 %","66 %",6331,267,176,75
"NICE LA TRINITE","PAC0165",6,4023,"93 %","69 %","66 %",4118,298,118,68
"NICE NORD","PAC0172",6,5892,"94 %","67 %","66 %",6057,370,159,71
"NICE OUEST","PAC0177",6,10281,"96 %","70 %","66 %",10046,319,187,78
"NIMES 7 COLLINES","LAN0040",3048,6399,"92 %","65 %","66 %",8284,507,163,78
"NIMES COURBESSAC","LAN0027",3048,5629,"92 %","61 %","66 %",7893,451,200,75
"NIMES SAINT CESAIRE","LAN0041",3048,6024,"89 %","65 %","66 %",7625,484,169,99
"NIORT GARENNE","PCH0037",79,4504,"91 %","55 %","69 %",4300,386,186,68
"NIORT-TREVINS","PCH0031",79,3887,"90 %","68 %","69 %",3071,364,182,71
"NOEUX LES MINES","NPC0165",62,3258,"96 %","76 %","70 %",3633,271,157,73
"NOGENT LE ROTROU","CEN0087",28,1708,"96 %","71 %","60 %",1888,207,172,68
"NOGENT-SUR-MARNE","IDF0302",94,4423,"96 %","58 %","62 %",4355,234,184,69
"NOISY-LE-GRAND","IDF0242",93,3746,"96 %","54 %","69 %",3996,235,190,55
"NOISY-LE-SEC","IDF0257",93,2886,"94 %","61 %","69 %",3479,226,128,77
"NONTRON","AQU0063",24,1780,"93 %","50 %","66 %",1842,258,113,72
"NOYON","PIC0040",60,2905,"94 %","65 %","63 %",2956,455,236,76
"NYONS","RHA0197",726,1259,"92 %","ND","66 %",1544,736,190,75
"OLONNE SUR MER","PDL0019",85,4596,"95 %","62 %","68 %",4329,861,190,80
"OLORON STE MARIE","AQU0019",64,3542,"95 %","68 %","68 %",2600,496,118,71
"ORANGE","PAC0122",84,4630,"95 %","63 %","66 %",5267,316,236,72
"ORLEANS EST","CEN0061",45,5347,"93 %","67 %","63 %",4252,190,153,64
"ORLEANS NORD","CEN0065",45,6650,"96 %","54 %","63 %",6139,288,259,77
"ORLEANS OUEST","CEN0056",45,7946,"93 %","60 %","63 %",6489,279,172,73
"ORLEANS SUD","CEN0058",45,5367,"96 %","60 %","63 %",4964,285,195,73
"OULLINS","RHA0094",69,7322,"87 %","59 %","62 %",6375,260,126,108
"OYONNAX","RHA0222",1,4207,"92 %","71 %","59 %",3298,237,114,90
"PALAISEAU","IDF0142",91,4878,"92 %","60 %","62 %",4538,242,157,57
"PAMIERS","MPY0121",93265,2357,"94 %","65 %","75 %",2823,143,117,76
"PANTIN","IDF0258",93,5147,"93 %","56 %","69 %",6137,341,150,105
"PARENTIS","AQU0038",40,3944,"93 %","69 %","63 %",3620,326,149,57
"PARIS 10ÈME","IDF0030",75,6828,"90 %","60 %","64 %",6535,188,137,46
"PARIS 11ÈME BEAUMARCHAIS","IDF0018",75,10476,"91 %","70 %","64 %",9579,302,168,77
"PARIS 12ÈME DIDEROT","IDF0074",75,8355,"95 %","59 %","64 %",8098,188,128,60
"PARIS 15ÈME BRANCION","IDF0039",75,9446,"93 %","67 %","64 %",10185,171,122,66
"PARIS 16 ET 17ÈME CARDINET","IDF0041",75,12060,"94 %","65 %","64 %",13603,228,117,77
"PARIS 18ÈME GENEVOIX","IDF0059",75,4771,"96 %","63 %","64 %",4993,313,128,66
"PARIS 18ÈME NEY","IDF0055",75,10124,"94 %","57 %","64 %",9843,183,181,83
"PARIS 19ÈME ARMAND CARREL","IDF0033",75,9285,"95 %","59 %","64 %",10340,240,148,64
"PARIS 19ÈME LAUMIÈRE","IDF0032",75,4018,"95 %","69 %","64 %",4701,323,138,65
"PARIS 5 ET 13ÈME DAVIEL","IDF0067",75,10718,"96 %","63 %","64 %",11749,330,125,68
"PARIS 6 ET 14ÈME JEAN MOULIN","IDF0081",75,7645,"92 %","65 %","64 %",7978,310,107,70
"PARIS 7, 8, 9ÈME ST PETERSBOURG","IDF0050",75,6435,"93 %","70 %","64 %",6496,165,139,58
"PARIS BRANCION CADRES","IDF0423",75,1693,"96 %","79 %","64 %",2138,"ND","ND","ND"
"PARIS DIDEROT CADRES","IDF0421",75,3634,"94 %","67 %","64 %",4493,"ND","ND","ND"
"PARIS MAGENTA CADRES","IDF0027",75,1082,"94 %","68 %","64 %",1240,"ND","ND","ND"
"PARIS NEY CADRES","IDF0037",75,2193,"94 %","60 %","64 %",2604,"ND","ND","ND"
"PARIS PAUL LELONG","IDF0072",75,5374,"93 %","66 %","64 %",5340,270,127,78
"PARIS PIAT","IDF0021",75,9283,"91 %","58 %","64 %",9353,225,138,80
"PARIS VITRUVE","IDF0016",75,4413,"92 %","69 %","64 %",4471,241,126,68
"PARTHENAY","PCH0040",79,2218,"92 %","74 %","69 %",2061,310,194,69
"PAU JEAN ZAY","AQU0023",64,5330,"93 %","70 %","68 %",4970,362,147,68
"PAU LYAUTEY","AQU0016",64,2944,"95 %","61 %","68 %",3187,304,134,69
"PAUILLAC","AQU0115",33,4915,"92 %","72 %","65 %",5120,345,157,73
"PE MAMOUDZOU KAWENI","REU0003",976,2793,"ND","ND","ND",9565,283,266,91
"PERIGUEUX CHANGE","AQU0058",24,2768,"94 %","61 %","66 %",2620,236,123,85
"PERIGUEUX LITTRE","AQU0065",24,2813,"95 %","66 %","66 %",3270,223,151,65
"PERONNE-ALBERT","PIC0017",80,3550,"93 %","58 %","67 %",3727,553,324,101
"PERPIGNAN POLYGONE","LAN0004",66,6060,"91 %","62 %","65 %",8324,480,244,82
"PERPIGNAN SAINT ASSISCLE","LAN0016",66,8153,"92 %","63 %","65 %",10719,340,190,81
"PERPIGNAN SANT VICENS","LAN0008",66,8855,"93 %","64 %","65 %",10652,278,189,93
"PERSAN","IDF0119",95,3918,"92 %","67 %","62 %",3710,220,94,74
"PERTUIS","PAC0114",84,2934,"94 %","61 %","66 %",3126,315,215,74
"PESSAC","AQU0105",33,4598,"94 %","64 %","65 %",3838,357,157,73
"PEZENAS","LAN0061",34,2327,"93 %","77 %","67 %",2951,455,149,66
"PIERRELATTE","RHA0196",726,4252,"93 %","56 %","66 %",4606,262,337,59
"PITHIVIERS","CEN0059",45,3557,"93 %","55 %","63 %",3351,508,149,71
"PLAINE ORIENTALE","COR0019","2A2B",1432,"97 %","ND","77 %",1269,268,252,117
"PLAISIR","IDF0371",78,3414,"94 %","60 %","58 %",3060,104,140,66
"PLOERMEL","BRE0021",56,3554,"93 %","59 %","59 %",2789,134,124,75
"POINTE A PITRE BERGEVIN","GUA0017",971,2004,"84 %","62 %","65 %",6599,112,146,61
"POISSY","IDF0378",78,6100,"94 %","62 %","58 %",5986,271,113,71
"POITIERS-GARE","PCH0013",86,4844,"89 %","64 %","67 %",4534,374,162,76
"POITIERS-GRAND LARGE","PCH0015",86,4951,"87 %","66 %","67 %",4131,404,174,63
"PONT A MOUSSON","LOR0036",54,2746,"95 %","69 %","68 %",2798,203,127,65
"PONT DE CLAIX","RHA0027",38,4060,"94 %","65 %","63 %",3375,190,165,59
"PONT L'ABBE","BRE0052",29,3088,"94 %","67 %","64 %",2589,201,135,51
"PONTARLIER","FRC0046",2590,3401,"94 %","71 %","65 %",2735,308,242,85
"PONT-AUDEMER","HNO0064",27,4011,"92 %","66 %","64 %",3740,213,159,79
"PONTAULT-COMBAULT","IDF0347",77,5125,"94 %","64 %","65 %",4641,339,176,63
"PONTCHARRA","RHA0019",38,3082,"95 %","75 %","63 %",2380,456,116,75
"PONTIVY","BRE0019",56,4956,"94 %","60 %","59 %",4103,172,157,81
"PORNIC","PDL0093",44,4904,"83 %","68 %","59 %",3804,233,167,86
"PORT LOUIS","GUA0015",971,911,"87 %","ND","65 %",2737,146,173,73
"PORTET SUR GARONNE","MPY0098",31,3844,"94 %","63 %","64 %",3702,247,132,59
"PORTO VECCHIO","COR0005","2A2B",3797,"96 %","81 %","77 %",4193,337,262,88
"PRADES","LAN0009",66,3075,"94 %","76 %","65 %",3303,234,156,81
"PRIVAS","RHA0199",726,2944,"95 %","71 %","66 %",2774,156,141,61
"PROVINS","IDF0337",77,3636,"93 %","63 %","65 %",3572,239,124,72
"PUTEAUX","IDF0192",92,1938,"95 %","70 %","58 %",1852,164,119,68
"QUIMPER NORD","BRE0045",29,3833,"94 %","55 %","64 %",3384,401,151,62
"QUIMPER SUD","BRE0037",29,4003,"95 %","62 %","64 %",3218,240,129,62
"QUIMPERLE","BRE0051",29,3288,"95 %","58 %","64 %",2702,311,164,68
"RAMBOUILLET","IDF0379",78,3717,"97 %","60 %","58 %",3221,215,119,63
"RAVINE DES CABRIS","REU0024",974,2563,"92 %","63 %","71 %",6100,366,253,74
"REDON","BRE0075",35,4511,"93 %","55 %","62 %",3737,158,110,78
"REIMS BEZANNES","CHA0019",51,3871,"93 %","56 %","71 %",4800,373,180,69
"REIMS JEANNE D ARC","CHA0022",51,3948,"90 %","57 %","71 %",3978,214,154,76
"REIMS LA NEUVILLETTE","CHA0020",51,3730,"89 %","57 %","71 %",3811,291,191,81
"REIMS MONT D ARENE","CHA0030",51,4427,"89 %","61 %","71 %",4617,222,136,83
"REMIREMONT","LOR0011",88,4306,"94 %","68 %","76 %",4108,221,128,77
"RENNES CENTRE","BRE0076",35,4662,"96 %","62 %","62 %",4318,217,117,63
"RENNES EST","BRE0081",35,8748,"92 %","53 %","62 %",6365,230,167,61
"RENNES NORD","BRE0070",35,9843,"91 %","48 %","62 %",8271,260,130,56
"RENNES OUEST","BRE0067",35,7284,"93 %","62 %","62 %",5764,331,125,57
"RENNES SUD","BRE0079",35,7667,"91 %","51 %","62 %",6689,306,175,69
"RETHEL","CHA0047",8,2582,"93 %","61 %","67 %",2622,229,154,74
"REVIN","CHA0048",8,1644,"95 %","ND","67 %",2251,252,141,81
"REZE","PDL0094",44,5664,"89 %","62 %","59 %",4715,254,145,82
"RILLIEUX LA PAPE","RHA0089",69,2554,"94 %","ND","62 %",2395,222,119,70
"RIOM","AUV0025",63,5434,"94 %","67 %","67 %",5040,276,134,59
"RIORGES","RHA0157",42,3383,"92 %","68 %","65 %",2916,243,99,59
"RIVE DE GIER","RHA0165",42,2357,"91 %","ND","65 %",2186,154,131,61
"RIVIERE SALEE","MAR0008",972,2897,"94 %","64 %","69 %",5816,367,154,81
"ROANNE","RHA0160",42,4640,"92 %","59 %","65 %",4749,132,125,48
"ROCHEFORT","PCH0068",17,4726,"93 %","66 %","65 %",4686,414,154,69
"RODEZ","MPY0029",1281,5866,"94 %","73 %","68 %",4868,221,107,72
"ROMAINVILLE","IDF0250",93,3327,"94 %","63 %","69 %",3612,259,177,77
"ROMANS SUR ISERE","RHA0192",726,6593,"89 %","63 %","66 %",6734,186,105,55
"ROMILLY SUR SEINE","CHA0061",10,2942,"94 %","74 %","63 %",3621,378,240,72
"ROMORANTIN-LANTHENAY","CEN0046",41,3778,"92 %","65 %","68 %",3623,256,154,75
"ROSNY-SOUS-BOIS","IDF0262",93,4065,"93 %","53 %","69 %",4514,337,194,71
"ROUBAIX CENTRE","NPC0048",59,3818,"95 %","56 %","67 %",6086,342,221,91
"ROUBAIX LES PRES","NPC0010",59,3399,"95 %","61 %","67 %",5078,280,203,68
"ROUEN CAUCHOISE","HNO0041",76,5112,"93 %","59 %","61 %",3214,281,122,76
"ROUEN DARNETAL","HNO0037",76,5761,"94 %","65 %","61 %",4970,358,175,81
"ROUEN LUCILINE","HNO0247",76,502,"96 %","ND","61 %",4087,292,162,64
"ROUEN MAROMME","HNO0030",76,3483,"94 %","65 %","61 %",3590,370,182,78
"ROUEN QUEVILLY","HNO0040",76,4693,"94 %","63 %","61 %",5015,405,212,70
"ROUEN SAINT SEVER","HNO0027",76,3884,"92 %","61 %","61 %",4703,345,193,74
"ROUEN ST ETIENNE DU ROUVRAY","HNO0038",76,2556,"93 %","ND","61 %",3054,454,308,74
"ROUSSILLON","RHA0040",38,2959,"90 %","70 %","63 %",2608,244,104,42
"ROYAN","PCH0070",17,5646,"97 %","69 %","65 %",5353,408,165,69
"RUEIL-MALMAISON","IDF0193",92,6011,"94 %","63 %","58 %",5849,322,184,72
"SABLE SUR SARTHE","PDL0043",5372,3485,"90 %","68 %","60 %",2311,178,140,57
"SAINT AMAND","NPC0096",59,1891,"97 %","68 %","67 %",2131,257,135,70
"SAINT AMAND MONTROND","CEN0098",18,1691,"95 %","63 %","62 %",2459,496,131,61
"SAINT ANDRE","REU0042",974,4066,"92 %","55 %","71 %",9335,327,301,63
"SAINT BENOIT","REU0043",974,4155,"93 %","66 %","71 %",9528,390,342,93
"SAINT CHAMOND","RHA0164",42,3945,"95 %","69 %","65 %",3552,143,99,73
"SAINT CLAUDE","FRC0020",3970,3007,"96 %","71 %","68 %",2194,334,160,60
"SAINT CYR SUR LOIRE","CEN0038",37,4784,"94 %","56 %","67 %",3925,280,187,68
"SAINT DENIS REUNION","REU0040",974,4589,"89 %","52 %","71 %",9273,273,247,70
"SAINT DIE DES VOSGES","LOR0013",88,4127,"93 %","75 %","76 %",5158,268,105,71
"SAINT DIZIER","CHA0008",52,3530,"94 %","63 %","71 %",4439,325,176,71
"SAINT ETIENNE CLAPIER","RHA0143",42,3314,"92 %","66 %","65 %",3731,122,101,59
"SAINT ETIENNE TERRASSE","RHA0170",42,3641,"89 %","55 %","65 %",3696,218,114,66
"SAINT FLOUR","AUV0051",4315,1690,"89 %","ND","70 %",1282,178,118,66
"SAINT FONS","RHA0069",69,3071,"84 %","ND","62 %",2853,562,121,53
"SAINT FRANCOIS","GUA0026",971,1931,"90 %","65 %","65 %",5938,211,134,50
"SAINT GAUDENS","MPY0119",31,4722,"93 %","56 %","64 %",5185,281,154,81
"SAINT GIRONS","MPY0122",93265,1572,"96 %","70 %","75 %",2170,237,162,67
"SAINT JEAN","MPY0093",31,4674,"93 %","67 %","64 %",4041,163,102,100
"SAINT JEAN D ANGELY","PCH0071",17,2847,"84 %","69 %","65 %",2993,308,167,69
"SAINT JEAN DE LUZ","AQU0021",64,4582,"95 %","74 %","68 %",3831,348,137,58
"SAINT JEAN DE MAURIENNE","RHA0141",73,4532,"93 %","61 %","65 %",2640,120,108,51
"SAINT JOSEPH","REU0025",974,3739,"94 %","61 %","71 %",10362,402,334,68
"SAINT LEU REUNION","REU0018",974,3707,"90 %","53 %","71 %",7451,489,327,66
"SAINT LO","BNO0031",50,5213,"94 %","58 %","64 %",4350,217,205,78
"SAINT LOUIS","ALS0048",68,2977,"95 %","77 %","68 %",3671,253,168,94
"SAINT MALO","BRE0069",35,6748,"90 %","63 %","62 %",5623,193,141,64
"SAINT MARCELLIN","RHA0022",38,2194,"90 %","52 %","63 %",1939,273,183,15
"SAINT MARTIN CONCORDIA I","GUA0070",971,2257,"86 %","64 %","65 %","ND",389,187,92
"SAINT MARTIN D'HERES","RHA0041",38,6122,"94 %","74 %","63 %",5037,375,127,68
"SAINT MARTIN LES BOULOGNE","NPC0147",62,4716,"97 %","68 %","70 %",4903,433,171,69
"SAINT MAXIMIN","PAC0086",83,2903,"95 %","66 %","68 %",2865,365,144,71
"SAINT PAUL LES DAX","AQU0035",40,3969,"94 %","64 %","63 %",2955,398,147,70
"SAINT PAUL REUNION","REU0015",974,3939,"93 %","54 %","71 %",7804,398,345,66
"SAINT PIERRE","MAR0009",972,841,"94 %","ND","69 %",2093,183,312,70
"SAINT PIERRE DES CORPS","CEN0037",37,3578,"96 %","65 %","67 %",3194,227,138,72
"SAINT PIERRE ET MIQUELON","SPM0001",50,"ND","96 %","ND","64 %","ND",64,43,27
"SAINT PIERRE REUNION","REU0023",974,3834,"93 %","56 %","71 %",9473,451,302,66
"SAINT POL SUR TERNOISE","NPC0167",62,2071,"95 %","ND","70 %",2366,327,183,68
"SAINT PRIEST","RHA0091",69,5035,"93 %","61 %","62 %",4828,141,119,52
"SAINT QUENTIN CORDIER","PIC0056",2,4832,"93 %","58 %","67 %",6335,337,246,59
"SAINT QUENTIN PERI","PIC0065",2,2495,"96 %","62 %","67 %",3393,275,136,71
"SAINT RAPHAEL","PAC0081",83,4741,"95 %","77 %","68 %",4868,454,165,70
"SAINT SEBASTIEN","PDL0071",44,5729,"91 %","55 %","59 %",3834,256,98,71
"SAINT VINCENT DE TYROSSE","AQU0048",40,5814,"96 %","67 %","63 %",4388,332,140,72
"SAINT-ASTIER","AQU0061",24,3689,"93 %","73 %","66 %",4138,292,139,74
"SAINT-AVOLD","LOR0096",57,4209,"95 %","72 %","71 %",4044,296,201,87
"SAINT-DENIS","IDF0247",93,7782,"89 %","51 %","69 %",9754,294,199,65
"SAINTE CLOTILDE","REU0044",974,2441,"90 %","51 %","71 %",6052,422,446,122
"SAINTE MARIE REUNION","REU0046",974,3696,"88 %","59 %","71 %",7559,347,250,75
"SAINTE ROSE","GUA0012",971,1850,"91 %","61 %","65 %",5539,407,247,65
"SAINTE-GENEVIÈVE-DES-BOIS","IDF0153",91,3732,"96 %","73 %","62 %",3621,230,101,63
"SAINTE-MARIE","MAR0010",972,1802,"95 %","ND","69 %",4620,332,144,97
"SAINTES SAINT GEORGES","PCH0069",17,5220,"93 %","64 %","65 %",5519,364,165,73
"SAINT-GERMAIN-EN-LAYE","IDF0374",78,4844,"93 %","72 %","58 %",5338,202,124,67
"SAINT-GRATIEN CADRES","IDF0427",95,1159,"95 %","74 %","62 %",1425,"ND","ND","ND"
"SAINT-MAUR-DES-FOSSES","IDF0282",94,2913,"94 %","62 %","62 %",2708,227,127,48
"SAINT-MEDARD-EN-JALLES","AQU0094",33,4844,"93 %","57 %","65 %",4286,284,176,85
"SAINT-OUEN","IDF0260",93,4128,"94 %","62 %","69 %",4912,244,168,60
"SAINT-OUEN-L'AUMÔNE","IDF0111",95,4884,"94 %","64 %","62 %",4677,216,153,67
"SAINT-PIERRE D'OLERON","PCH0079",17,2504,"94 %","69 %","65 %",2292,336,163,69
"SALLANCHES","RHA0117",74,6071,"96 %","76 %","60 %",3368,276,86,75
"SALON DE PROVENCE","PAC0058",13,6882,"96 %","64 %","62 %",6843,285,130,71
"SARCELLES","IDF0108",95,6773,"91 %","65 %","62 %",8188,214,174,74
"SARLAT","AQU0068",24,3277,"94 %","73 %","66 %",3035,153,126,71
"SARREBOURG","LOR0091",57,4347,"93 %","68 %","71 %",3896,266,205,81
"SARREGUEMINES","LOR0092",57,4610,"94 %","61 %","71 %",4991,380,137,66
"SARTROUVILLE","IDF0381",78,7705,"94 %","59 %","58 %",7476,218,123,54
"SAUMUR","PDL0115",49,9191,"92 %","72 %","64 %",6553,350,176,82
"SAVERNE","ALS0024",67,5272,"89 %","67 %","65 %",4651,356,118,66
"SAVIGNY-LE-TEMPLE","IDF0345",77,8740,"95 %","58 %","65 %",7878,161,172,59
"SAVIGNY-SUR-ORGE","IDF0154",91,3987,"94 %","72 %","62 %",3960,110,154,64
"SCHILTIGHEIM","ALS0028",67,7569,"93 %","68 %","65 %",7737,293,137,64
"SCHOELCHER MADIANA","MAR0020",972,2268,"92 %","68 %","69 %",4935,513,189,63
"SECLIN","NPC0054",59,3931,"93 %","63 %","67 %",3822,250,137,47
"SEDAN","CHA0049",8,3172,"94 %","67 %","67 %",4106,250,102,73
"SEGRE","PDL0119",49,3510,"97 %","69 %","64 %",2511,107,103,57
"SELESTAT-SAINTE MARIE AUX MINES","ALS0025",67,6461,"94 %","72 %","65 %",5247,317,146,66
"SENS","BRG0019",89,5708,"93 %","64 %","65 %",6105,257,166,79
"SETE","LAN0074",34,7939,"91 %","65 %","67 %",9308,462,153,78
"SEVRAN","IDF0265",93,3352,"92 %","67 %","69 %",4239,335,149,75
"SEYNOD","RHA0119",74,5604,"93 %","67 %","60 %",3783,319,114,54
"SEZANNE","CHA0026",51,1849,"87 %","59 %","71 %",2006,216,139,69
"SIN LE NOBLE","NPC0110",59,3905,"97 %","72 %","67 %",3932,368,187,72
"SIX FOURS","PAC0087",83,5471,"96 %","64 %","68 %",5610,381,186,78
"SOISSONS","PIC0067",2,6100,"91 %","58 %","67 %",7171,286,207,120
"SOMAIN","NPC0097",59,4361,"96 %","69 %","67 %",5185,307,196,83
"SOUILLAC","MPY0043",4682,2532,"94 %","62 %","67 %",2194,217,152,81
"ST BRIEUC OUEST","BRE0097",22,4859,"92 %","60 %","58 %",4655,174,162,65
"ST BRIEUC SUD","BRE0089",22,4960,"90 %","56 %","58 %",4512,341,165,70
"ST ETIENNE BELLEVUE","RHA0169",42,4021,"92 %","51 %","65 %",4772,290,121,81
"ST ETIENNE CHATEAUCREUX","RHA0166",42,3142,"92 %","63 %","65 %",3407,167,83,52
"ST GENIS POUILLY","RHA0215",1,4604,"87 %","71 %","59 %",5095,531,257,73
"ST GILLES CROIX DE VIE","PDL0015",85,3463,"97 %","62 %","68 %",2670,429,235,75
"ST HERBLAIN","PDL0097",44,4789,"94 %","52 %","59 %",4161,245,184,82
"ST JUNIEN","LIM0013",87,1921,"91 %","58 %","63 %",1911,277,229,80
"ST LAURENT DU MARONI","GUY0012",973,1302,"89 %","ND","72 %",4810,437,291,61
"ST LOUIS BEL AIR","REU0051",974,3543,"96 %","69 %","71 %",8985,409,271,77
"ST NAZAIRE","PDL0087",44,5342,"95 %","55 %","59 %",4510,322,137,85
"ST YRIEIX","LIM0010",87,1925,"86 %","55 %","63 %",2172,188,238,64
"STAINS","IDF0234",93,4847,"91 %","66 %","69 %",5897,402,146,58
"STRASBOURG ESPLANADE","ALS0012",67,4606,"94 %","70 %","65 %",4837,312,143,74
"STRASBOURG HAUTEPIERRE","ALS0031",67,6374,"95 %","67 %","65 %",7001,321,126,51
"STRASBOURG MEINAU","ALS0029",67,7843,"95 %","64 %","65 %",8206,296,128,90
"STRASBOURG PONT MATTHIS","ALS0013",67,1475,"95 %","68 %","65 %",1541,242,136,57
"SUCY-EN-BRIE","IDF0294",94,6707,"92 %","62 %","62 %",7075,262,145,72
"TARARE","RHA0085",69,4601,"90 %","63 %","62 %",3674,261,96,76
"TARBES ARSENAL","MPY0067",93265,4454,"94 %","69 %","75 %",4543,171,119,64
"TARBES PYRENEES","MPY0062",93265,4817,"91 %","64 %","75 %",4660,308,121,80
"TASSIN LA DEMI LUNE","RHA0073",69,6920,"93 %","65 %","62 %",5894,197,168,67
"TAVERNY","IDF0110",95,3695,"93 %","62 %","62 %",3673,312,133,68
"TERRASSON","AQU0067",24,1707,"95 %","59 %","66 %",1829,141,151,63
"THANN","ALS0049",68,3422,"94 %","69 %","68 %",3207,171,154,78
"THIERS","AUV0020",63,4258,"94 %","64 %","67 %",4708,309,124,72
"THIONVILLE BEAUREGARD","LOR0081",57,3607,"91 %","73 %","71 %",3864,138,216,62
"THIONVILLE MANOM","LOR0093",57,3499,"94 %","66 %","71 %",3844,182,239,75
"THONON LES BAINS","RHA0116",74,7675,"91 %","68 %","60 %",6298,562,200,74
"THOUARS","PCH0041",79,2191,"92 %","73 %","69 %",1709,337,172,73
"TIGNIEU JAMEYZIEU","RHA0024",38,3106,"95 %","64 %","63 %",2538,479,142,68
"TLSE BORDEROUGE","MPY0101",31,8382,"88 %","52 %","64 %",8264,238,161,76
"TORCY","IDF0338",77,5194,"95 %","72 %","65 %",5220,211,189,65
"TOUL","LOR0037",54,2662,"94 %","55 %","68 %",2671,241,131,80
"TOULON CARNOT","PAC0089",83,5090,"95 %","65 %","68 %",5843,335,146,67
"TOULON LA RODE","PAC0096",83,4948,"94 %","65 %","68 %",5845,321,134,75
"TOULOUSE ARENES","MPY0100",31,2493,"95 %","65 %","64 %",2391,301,102,78
"TOULOUSE BELLEFONTAINE","MPY0103",31,3409,"93 %","59 %","64 %",3768,278,131,61
"TOULOUSE JOLIMONT","MPY0106",31,6954,"93 %","61 %","64 %",6994,140,113,69
"TOULOUSE LA CEPIERE","MPY0078",31,3026,"96 %","55 %","64 %",4122,252,147,79
"TOULOUSE LA PLAINE","MPY0107",31,4201,"94 %","57 %","64 %",4188,191,124,69
"TOULOUSE OCCITANE","MPY0105",31,3007,"93 %","70 %","64 %",3280,116,98,66
"TOULOUSE PURPAN","MPY0102",31,3009,"95 %","71 %","64 %",2785,181,121,82
"TOULOUSE SAINT-MICHEL","MPY0074",31,5292,"94 %","68 %","64 %",5867,160,145,64
"TOURCOING CENTRE","NPC0055",59,4866,"93 %","60 %","67 %",6534,360,185,71
"TOURCOING GAND","NPC0025",59,3164,"95 %","ND","67 %",3948,395,187,84
"TOURNON SUR RHONE","RHA0204",726,5204,"93 %","64 %","66 %",5154,452,271,67
"TOURS DEUX LIONS","CEN0026",37,5857,"94 %","64 %","67 %",6656,300,120,81
"TOURS RONSARD","CEN0027",37,4126,"95 %","57 %","67 %",3680,295,147,67
"TRAPPES","IDF0380",78,5147,"94 %","57 %","58 %",4931,146,137,85
"TREMBLAY-EN-FRANCE","IDF0245",93,4470,"94 %","56 %","69 %",5097,400,134,129
"TREVOUX","RHA0214",1,3780,"94 %","57 %","59 %",2691,278,121,69
"TRIGNAC","PDL0096",44,6433,"93 %","63 %","59 %",4088,199,139,71
"TROYES COPAINVILLE","CHA0059",10,3708,"92 %","65 %","63 %",4331,272,95,70
"TROYES LANGEVIN","CHA0058",10,5192,"95 %","56 %","63 %",6222,307,115,72
"TROYES ROMAIN ROLLAND","CHA0064",10,3945,"91 %","57 %","63 %",4699,361,118,69
"TULLE","LIM0021",2319,3009,"94 %","65 %","68 %",3048,226,172,57
"USSEL","LIM0026",2319,1359,"94 %","ND","68 %",1206,181,140,87
"VALENCE BRIFFAUT","RHA0183",726,5144,"91 %","55 %","66 %",5372,312,252,66
"VALENCE VICTOR HUGO","RHA0186",726,4685,"92 %","57 %","66 %",4799,148,123,74
"VALENCIENNES TERTIALES","NPC0098",59,5862,"97 %","55 %","67 %",7589,270,116,79
"VANDOEUVRE LES NANCY","LOR0043",54,4264,"92 %","63 %","68 %",4085,267,162,96
"VANNES EST","BRE0020",56,7024,"94 %","63 %","59 %",5533,238,208,73
"VANNES OUEST","BRE0015",56,6185,"94 %","68 %","59 %",5839,345,170,53
"VAULX EN VELIN","RHA0092",69,3770,"90 %","58 %","62 %",4468,270,83,54
"VAUVERT","LAN0021",3048,5376,"93 %","64 %","66 %",5682,388,147,86
"VENDOME","CEN0045",41,3662,"93 %","61 %","68 %",3065,207,135,76
"VENISSIEUX","RHA0093",69,4791,"84 %","56 %","62 %",6004,291,158,95
"VERDUN","LOR0059",55,3877,"91 %","72 %","81 %",4296,357,183,47
"VERNEUIL SUR AVRE","HNO0058",27,2175,"91 %","55 %","64 %",2309,263,316,128
"VERNON","HNO0061",27,5697,"88 %","57 %","64 %",5442,179,196,85
"VERNOUILLET","CEN0077",28,2933,"94 %","56 %","60 %",2981,367,130,75
"VERSAILLES","IDF0368",78,8228,"96 %","66 %","58 %",7659,333,121,72
"VERVINS GUISE","PIC0054",2,1885,"96 %","ND","67 %",2618,253,102,99
"VESOUL","FRC0015",3970,3855,"93 %","68 %","68 %",3785,381,168,85
"VICHY","AUV0067",3,3308,"95 %","62 %","64 %",3792,255,130,72
"VIENNE","RHA0035",38,4474,"92 %","62 %","63 %",4043,146,137,65
"VIERZON","CEN0097",18,2332,"94 %","61 %","62 %",3174,367,225,71
"VILLE LA GRAND","RHA0101",74,4369,"93 %","70 %","60 %",4569,231,165,58
"VILLEFONTAINE","RHA0031",38,5499,"91 %","65 %","63 %",4551,154,134,63
"VILLEFRANCHE DE LAURAGAIS","MPY0083",31,2649,"94 %","56 %","64 %",2466,215,155,68
"VILLEFRANCHE DE ROUERGUE","MPY0030",1281,1283,"94 %","ND","68 %",1358,146,145,74
"VILLEFRANCHE SUR SAONE","RHA0083",69,5898,"88 %","63 %","62 %",5358,487,96,54
"VILLEJUIF","IDF0283",94,4455,"94 %","59 %","62 %",5057,254,132,42
"VILLENAVE D ORNON","AQU0092",33,5233,"94 %","64 %","65 %",4560,265,134,74
"VILLENEUVE D'ASCQ","NPC0036",59,6420,"96 %","66 %","67 %",7768,448,295,75
"VILLENEUVE LES AVIGNON","LAN0029",3048,2351,"93 %","76 %","66 %",2115,294,135,97
"VILLENEUVE SUR LOT","AQU0042",47,4810,"96 %","64 %","69 %",5105,305,154,67
"VILLENEUVE-SAINT-GEORGES","IDF0293",94,3273,"94 %","62 %","62 %",3631,414,140,71
"VILLEURBANNE PASCAL","RHA0067",69,5141,"88 %","56 %","62 %",5093,289,121,62
"VILLEURBANNE PERRALLIERE","RHA0080",69,5605,"90 %","54 %","62 %",5559,373,140,66
"VINCENNES","IDF0284",94,3055,"93 %","63 %","62 %",3063,240,187,87
"VIRE","BNO0056",14,3088,"94 %","62 %","67 %",2696,154,147,58
"VIRY-CHÂTILLON","IDF0134",91,5664,"95 %","57 %","62 %",5944,259,210,54
"VITRE","BRE0073",35,4401,"96 %","63 %","62 %",2728,124,128,55
"VITROLLES","PAC0049",13,4081,"93 %","66 %","62 %",4437,299,137,82
"VITRY LE FRANCOIS","CHA0033",51,2453,"93 %","71 %","71 %",2457,211,145,80
"VITRY-SUR-SEINE","IDF0285",94,5441,"92 %","57 %","62 %",6708,240,255,59
"VOIRON","RHA0039",38,5608,"93 %","57 %","63 %",4890,162,186,78
"WATTRELOS","NPC0034",59,3120,"96 %","52 %","67 %",3568,139,198,75
"WISSEMBOURG","ALS0027",67,2717,"92 %","76 %","65 %",2687,343,160,83
"YVETOT","HNO0029",76,2836,"96 %","76 %","61 %",2547,180,129,68
