Joueur	Année	Pays	Poste	Position	Taille	Poids	IMC
Andrews	1995	Afrique du Sud	2e ligne	Avant	200	112	28.000
Brink	1995	Afrique du Sud	3e ligne	Avant	195	108	28.402
Dalton	1995	Afrique du Sud	1ère ligne	Avant	180	92	28.395
Du Randt	1995	Afrique du Sud	1ère ligne	Avant	190	113	31.302
Hendricks	1995	Afrique du Sud	Ailier	Arrière	182	90	27.171
Hurter	1995	Afrique du Sud	1ère ligne	Avant	187	110	31.456
Johnson	1995	Afrique du Sud	Arrière	Arrière	191	89	24.396
Joubert	1995	Afrique du Sud	Arrière	Arrière	185	92	26.881
Kruger	1995	Afrique du Sud	3e ligne	Avant	188	101	28.576
Le Roux	1995	Afrique du Sud	Demi	Arrière	176	80	25.826
Mulder	1995	Afrique du Sud	Centre	Arrière	184	95	28.060
Otto	1995	Afrique du Sud	2e ligne	Avant	200	115	28.750
Pagel	1995	Afrique du Sud	1ère ligne	Avant	193	118	31.679
Pienaar	1995	Afrique du Sud	3e ligne	Avant	191	105	28.782
Richter	1995	Afrique du Sud	3e ligne	Avant	193	101	27.115
Rossouw	1995	Afrique du Sud	1ère ligne	Avant	182	105	31.699
Roux	1995	Afrique du Sud	Demi	Arrière	180	85	26.235
Scholtz	1995	Afrique du Sud	Centre	Arrière	186	93	26.882
Small	1995	Afrique du Sud	Ailier	Arrière	182	90	27.171
Stransky	1995	Afrique du Sud	Demi	Arrière	179	84	26.216
Straueli	1995	Afrique du Sud	3e ligne	Avant	195	110	28.928
Strydom	1995	Afrique du Sud	2e ligne	Avant	199	115	29.040
Swart	1995	Afrique du Sud	1ère ligne	Avant	185	113	33.017
Van der Westhuizen	1995	Afrique du Sud	Demi	Arrière	184	88	25.992
Venter	1995	Afrique du Sud	Centre	Arrière	184	86	25.402
Wiese	1995	Afrique du Sud	2e ligne	Avant	199	125	31.565
Andrews	1999	Afrique du Sud	2e ligne	Avant	200	112	28.000
De Beer	1999	Afrique du Sud	Demi	Arrière	182	80	24.152
Drotske	1999	Afrique du Sud	1ère ligne	Avant	182	105	31.699
Du Randt	1999	Afrique du Sud	1ère ligne	Avant	190	130	36.011
Erasmus	1999	Afrique du Sud	3e ligne	Avant	190	100	27.701
Fleck	1999	Afrique du Sud	Centre	Arrière	184	89	26.288
Garvey	1999	Afrique du Sud	1ère ligne	Avant	189	116	32.474
Honiball	1999	Afrique du Sud	Demi	Arrière	190	90	24.931
Julies	1999	Afrique du Sud	Centre	Arrière	182	88	26.567
Kayser	1999	Afrique du Sud	Ailier	Arrière	175	78	25.469
Kruger	1999	Afrique du Sud	3e ligne	Avant	189	102	28.555
Le Roux	1999	Afrique du Sud	1ère ligne	Avant	183	122	36.430
Leonard	1999	Afrique du Sud	3e ligne	Avant	190	102	28.255
Malotana	1999	Afrique du Sud	Centre	Arrière	176	85	27.441
Montgomery	1999	Afrique du Sud	Arrière	Arrière	183	85	25.381
Muller	1999	Afrique du Sud	Centre	Arrière	186	96	27.749
Otto	1999	Afrique du Sud	2e ligne	Avant	200	116	29.000
Paulse	1999	Afrique du Sud	Ailier	Arrière	175	74	24.163
Rossouw C.	1999	Afrique du Sud	1ère ligne	Avant	182	105	31.699
Rossouw P.	1999	Afrique du Sud	Ailier	Arrière	193	90	24.162
Skinstad	1999	Afrique du Sud	3e ligne	Avant	195	104	27.350
Swanepoel	1999	Afrique du Sud	Demi	Arrière	173	80	26.730
Terblanche	1999	Afrique du Sud	Ailier	Arrière	187	95	27.167
Van den Bergh	1999	Afrique du Sud	2e ligne	Avant	201	102	25.247
Van der Westhuizen	1999	Afrique du Sud	Demi	Arrière	188	88	24.898
Van Heerden	1999	Afrique du Sud	2e ligne	Avant	198	110	28.058
Venter A.	1999	Afrique du Sud	3e ligne	Avant	196	108	28.113
Venter B.	1999	Afrique du Sud	Centre	Arrière	186	92	26.593
Visagie	1999	Afrique du Sud	1ère ligne	Avant	185	118	34.478
Vos	1999	Afrique du Sud	3e ligne	Avant	189	104	29.115
Bands	2003	Afrique du Sud	1ère ligne	Avant	183	119	35.534
Bezuidenhout	2003	Afrique du Sud	1ère ligne	Avant	187	116	33.172
Boome	2003	Afrique du Sud	2e ligne	Avant	198	107	27.293
Botha	2003	Afrique du Sud	2e ligne	Avant	201	120	29.702
Burger	2003	Afrique du Sud	3e ligne	Avant	193	106	28.457
De Kock	2003	Afrique du Sud	Demi	Arrière	177	80	25.535
Delport	2003	Afrique du Sud	Arrière	Arrière	188	98	27.727
Greef	2003	Afrique du Sud	Centre	Arrière	188	92	26.030
Hougaard	2003	Afrique du Sud	Demi	Arrière	176	87	28.086
Koen	2003	Afrique du Sud	Demi	Arrière	180	87	26.852
Krige	2003	Afrique du Sud	3e ligne	Avant	190	99	27.424
Loubscher	2003	Afrique du Sud	Arrière	Arrière	180	86	26.543
Matfield	2003	Afrique du Sud	2e ligne	Avant	200	115	28.750
Muller	2003	Afrique du Sud	Centre	Arrière	182	89	26.869
Paulse	2003	Afrique du Sud	Ailier	Arrière	178	80	25.249
Rautenbach	2003	Afrique du Sud	1ère ligne	Avant	190	128	35.457
Rossouw	2003	Afrique du Sud	2e ligne	Avant	198	120	30.609
Santon	2003	Afrique du Sud	1ère ligne	Avant	178	104	32.824
Scholtz	2003	Afrique du Sud	3e ligne	Avant	186	102	29.483
Sephaka	2003	Afrique du Sud	1ère ligne	Avant	178	115	36.296
Smith	2003	Afrique du Sud	3e ligne	Avant	196	104	27.072
Van der Westhuizen Ja.	2003	Afrique du Sud	Centre	Arrière	180	88	27.160
Van der Westhuizen Jo.	2003	Afrique du Sud	Demi	Arrière	188	92	26.030
Van Niekerk	2003	Afrique du Sud	3e ligne	Avant	193	105	28.189
Barry	2003	Afrique du Sud	Centre	Arrière	187	92	26.309
Coetzee	2003	Afrique du Sud	1ère ligne	Avant	185	109	31.848
Fourie	2003	Afrique du Sud	Centre	Arrière	189	92	25.755
Smit	2003	Afrique du Sud	1ère ligne	Avant	188	116	32.820
Terblanche	2003	Afrique du Sud	Ailier	Arrière	187	95	27.167
Willemse	2003	Afrique du Sud	Ailier	Arrière	188	89	25.181
Steenkamp	2007	Afrique du Sud	1ère ligne	Avant	186	125	36.131
Botha Br.	2007	Afrique du Sud	1ère ligne	Avant	180	116	35.802
Van der Linde	2007	Afrique du Sud	1ère ligne	Avant	189	125	34.993
Du Randt	2007	Afrique du Sud	1ère ligne	Avant	190	125	34.626
Smit	2007	Afrique du Sud	1ère ligne	Avant	188	117	33.103
Botha G.	2007	Afrique du Sud	1ère ligne	Avant	180	106	32.716
Du Plessis	2007	Afrique du Sud	1ère ligne	Avant	189	114	31.914
Rossouw	2007	Afrique du Sud	3e ligne	Avant	196	117	30.456
Botha Ba.	2007	Afrique du Sud	2e ligne	Avant	200	120	30.000
Burger	2007	Afrique du Sud	3e ligne	Avant	193	109	29.263
Van Heerden	2007	Afrique du Sud	3e ligne	Avant	193	107	28.726
Skinstad	2007	Afrique du Sud	3e ligne	Avant	193	105	28.189
James	2007	Afrique du Sud	Demi	Arrière	187	98	28.025
Matfield	2007	Afrique du Sud	2e ligne	Avant	200	112	28.000
Smith	2007	Afrique du Sud	3e ligne	Avant	196	107	27.853
Muller	2007	Afrique du Sud	2e ligne	Avant	200	110	27.500
Steyn	2007	Afrique du Sud	Arrière	Arrière	191	100	27.412
Habana	2007	Afrique du Sud	Ailier	Arrière	179	87	27.153
Ndungane	2007	Afrique du Sud	Ailier	Arrière	183	90	26.874
De Villiers	2007	Afrique du Sud	Centre	Arrière	191	98	26.863
Montgomery	2007	Afrique du Sud	Arrière	Arrière	183	89	26.576
Januarie	2007	Afrique du Sud	Demi	Arrière	168	75	26.573
Du Preez	2007	Afrique du Sud	Demi	Arrière	182	88	26.567
Van der Berg	2007	Afrique du Sud	2e ligne	Avant	201	107	26.484
Pietersen	2007	Afrique du Sud	Ailier	Arrière	190	95	26.316
Olivier	2007	Afrique du Sud	Centre	Arrière	186	90	26.015
Pienaar	2007	Afrique du Sud	Demi	Arrière	187	90	25.737
Pretorius	2007	Afrique du Sud	Demi	Arrière	178	80	25.249
Willemse	2007	Afrique du Sud	Ailier	Arrière	188	89	25.181
Fourie	2007	Afrique du Sud	Centre	Arrière	188	88	24.898
Alberts	2011	Afrique du Sud	3e ligne	Avant	192	116	31.467
Aplon	2011	Afrique du Sud	Arrière	Arrière	180	76	23.457
Botha	2011	Afrique du Sud	2e ligne	Avant	199	120	30.302
Brussow	2011	Afrique du Sud	3e ligne	Avant	179	101	31.522
Burger	2011	Afrique du Sud	3e ligne	Avant	192	107	29.026
De Jongh	2011	Afrique du Sud	Centre	Arrière	171	86	29.411
De Villiers	2011	Afrique du Sud	Centre	Arrière	190	103	28.532
Du Preez	2011	Afrique du Sud	Demi	Arrière	183	90	26.874
Fourie	2011	Afrique du Sud	Centre	Arrière	189	101	28.275
Habana	2011	Afrique du Sud	Ailier	Arrière	180	94	29.012
Hougaard	2011	Afrique du Sud	Demi	Arrière	177	91	29.047
James	2011	Afrique du Sud	Demi	Arrière	185	98	28.634
Louw	2011	Afrique du Sud	3e ligne	Avant	189	111	31.074
Mtawarira	2011	Afrique du Sud	1ère ligne	Avant	187	116	33.172
Muller	2011	Afrique du Sud	2e ligne	Avant	190	105	29.086
Pienaar	2011	Afrique du Sud	Demi	Arrière	187	82	23.449
Ralepelle	2011	Afrique du Sud	1ère ligne	Avant	176	98	31.637
Rossouw	2011	Afrique du Sud	2e ligne	Avant	195	117	30.769
Smit	2011	Afrique du Sud	1ère ligne	Avant	187	121	34.602
Spies	2011	Afrique du Sud	3e ligne	Avant	195	109	28.665
Steenkamp	2011	Afrique du Sud	1ère ligne	Avant	185	118	34.478
Steyn F.	2011	Afrique du Sud	Centre	Arrière	189	99	27.715
Steyn M.	2011	Afrique du Sud	Demi	Arrière	182	91	27.473
Van der Linde	2011	Afrique du Sud	1ère ligne	Avant	189	121	33.874
Du Plessis J.	2011	Afrique du Sud	1ère ligne	Avant	188	118	33.386
Lambie	2011	Afrique du Sud	Arrière	Arrière	178	80	25.249
Matfield	2011	Afrique du Sud	2e ligne	Avant	199	108	27.272
Ndungane	2011	Afrique du Sud	Ailier	Arrière	185	96	28.050
Pietersen	2011	Afrique du Sud	Ailier	Arrière	189	101	28.275
Du Plessis B.	2011	Afrique du Sud	1ère ligne	Avant	187	110	31.456
Andrew	1995	Angleterre	Demi	Arrière	175	80	26.122
Back	1995	Angleterre	3e ligne	Avant	177	88	28.089
Bayfield	1995	Angleterre	2e ligne	Avant	208	115	26.581
Bracken	1995	Angleterre	Demi	Arrière	180	80	24.691
Callard	1995	Angleterre	Arrière	Arrière	178	79	24.934
Carling	1995	Angleterre	Centre	Arrière	180	85	26.235
Catt	1995	Angleterre	Arrière	Arrière	180	83	25.617
Clarke	1995	Angleterre	3e ligne	Avant	196	107	27.853
Dawe	1995	Angleterre	1ère ligne	Avant	180	90	27.778
De Glanville	1995	Angleterre	Centre	Arrière	180	85	26.235
Guscott	1995	Angleterre	Centre	Arrière	185	85	24.836
Hopley	1995	Angleterre	Centre	Arrière	188	91	25.747
Hunter	1995	Angleterre	Ailier	Arrière	188	88	24.898
Johnson	1995	Angleterre	2e ligne	Avant	200	113	28.250
Leonard	1995	Angleterre	1ère ligne	Avant	178	108	34.087
Mallett	1995	Angleterre	1ère ligne	Avant	185	104	30.387
Moore	1995	Angleterre	1ère ligne	Avant	175	90	29.388
Morris	1995	Angleterre	Demi	Arrière	183	85	25.381
Ojomoh	1995	Angleterre	3e ligne	Avant	191	104	28.508
Richards	1995	Angleterre	3e ligne	Avant	193	111	29.799
Rodber	1995	Angleterre	3e ligne	Avant	198	105	26.783
Rowntree	1995	Angleterre	1ère ligne	Avant	183	108	32.249
Ubogu	1995	Angleterre	1ère ligne	Avant	175	102	33.306
Underwood R.	1995	Angleterre	Ailier	Arrière	175	84	27.429
Underwood T.	1995	Angleterre	Ailier	Arrière	175	84	27.429
West	1995	Angleterre	2e ligne	Avant	208	125	28.892
Archer	1999	Angleterre	2e ligne	Avant	198	117	29.844
Back	1999	Angleterre	3e ligne	Avant	177	93	29.685
Beal	1999	Angleterre	Arrière	Arrière	187	86	24.593
Bracken	1999	Angleterre	Demi	Arrière	180	84	25.926
Catt	1999	Angleterre	Demi	Arrière	177	86	27.451
Cockerill	1999	Angleterre	1ère ligne	Avant	177	108	34.473
Corry	1999	Angleterre	3e ligne	Avant	195	111	29.191
Dallaglio	1999	Angleterre	3e ligne	Avant	193	110	29.531
Dawson	1999	Angleterre	Demi	Arrière	180	80	24.691
De Glanville	1999	Angleterre	Centre	Arrière	180	85	26.235
Garforth	1999	Angleterre	1ère ligne	Avant	177	117	37.346
Grayson	1999	Angleterre	Demi	Arrière	182	79	23.850
Greening	1999	Angleterre	1ère ligne	Avant	182	107	32.303
Grenwood	1999	Angleterre	Centre	Arrière	193	95	25.504
Grewcock	1999	Angleterre	2e ligne	Avant	198	111	28.313
Guscott	1999	Angleterre	Centre	Arrière	185	87	25.420
Healey	1999	Angleterre	Ailier	Arrière	177	84	26.812
Hill	1999	Angleterre	3e ligne	Avant	187	98	28.025
Johnson	1999	Angleterre	2e ligne	Avant	198	113	28.824
Leonard	1999	Angleterre	1ère ligne	Avant	177	108	34.473
Luger	1999	Angleterre	Ailier	Arrière	185	88	25.712
McCarthy	1999	Angleterre	1ère ligne	Avant	177	101	32.239
Perry	1999	Angleterre	Arrière	Arrière	185	85	24.836
Rees	1999	Angleterre	Ailier	Arrière	175	87	28.408
Rodber	1999	Angleterre	2e ligne	Avant	198	114	29.079
Rowntree	1999	Angleterre	1ère ligne	Avant	182	109	32.907
Ubogu	1999	Angleterre	1ère ligne	Avant	175	107	34.939
Vickery	1999	Angleterre	1ère ligne	Avant	189	110	30.794
Wilkinson	1999	Angleterre	Demi	Arrière	177	84	26.812
Worsley	1999	Angleterre	3e ligne	Avant	195	107	28.139
Abbott	2003	Angleterre	Centre	Arrière	183	87	25.979
Cohen	2003	Angleterre	Ailier	Arrière	188	100	28.293
Corry	2003	Angleterre	3e ligne	Avant	196	111	28.894
Dallaglio	2003	Angleterre	3e ligne	Avant	193	106	28.457
Dawson	2003	Angleterre	Demi	Arrière	178	86	27.143
Gomarsall	2003	Angleterre	Demi	Arrière	178	86	27.143
Grayson	2003	Angleterre	Demi	Arrière	180	87	26.852
Greenwood	2003	Angleterre	Centre	Arrière	194	101	26.836
Grewcock	2003	Angleterre	2e ligne	Avant	198	111	28.313
Hill	2003	Angleterre	3e ligne	Avant	188	102	28.859
Johnson	2003	Angleterre	2e ligne	Avant	198	117	29.844
Kay	2003	Angleterre	2e ligne	Avant	198	112	28.569
Leonard	2003	Angleterre	1ère ligne	Avant	178	111	35.033
Lewsey	2003	Angleterre	Arrière	Arrière	180	85	26.235
Luger	2003	Angleterre	Ailier	Arrière	185	94	27.465
Regan	2003	Angleterre	1ère ligne	Avant	178	95	29.984
Robinson	2003	Angleterre	Ailier	Arrière	173	83	27.732
Tindall	2003	Angleterre	Centre	Arrière	188	92	26.030
Vickery	2003	Angleterre	1ère ligne	Avant	191	121	33.168
Woodman	2003	Angleterre	1ère ligne	Avant	180	114	35.185
Back	2003	Angleterre	3e ligne	Avant	178	88	27.774
Catt	2003	Angleterre	Centre	Arrière	176	86	27.763
Moody	2003	Angleterre	3e ligne	Avant	193	101	27.115
Thompson	2003	Angleterre	1ère ligne	Avant	188	110	31.123
West	2003	Angleterre	1ère ligne	Avant	181	101	30.829
White	2003	Angleterre	1ère ligne	Avant	186	114	32.952
Wilkinson	2003	Angleterre	Demi	Arrière	178	84	26.512
Worlsey	2003	Angleterre	3e ligne	Avant	196	108	28.113
Bracken	2003	Angleterre	Demi	Arrière	180	82	25.309
Balshaw	2003	Angleterre	Ailier	Arrière	186	83	23.991
Stevens	2007	Angleterre	1ère ligne	Avant	182	115	34.718
Vickery	2007	Angleterre	1ère ligne	Avant	188	121	34.235
Freshwater	2007	Angleterre	1ère ligne	Avant	183	110	32.847
Mears	2007	Angleterre	1ère ligne	Avant	175	99	32.327
Chuter	2007	Angleterre	1ère ligne	Avant	178	101	31.877
Sheridan	2007	Angleterre	1ère ligne	Avant	195	119	31.295
Dallaglio	2007	Angleterre	3e ligne	Avant	193	115	30.873
Easter	2007	Angleterre	3e ligne	Avant	193	115	30.873
Rees	2007	Angleterre	3e ligne	Avant	180	100	30.864
Kay	2007	Angleterre	2e ligne	Avant	198	120	30.609
Richards	2007	Angleterre	Demi	Arrière	175	93	30.367
Regan	2007	Angleterre	1ère ligne	Avant	178	96	30.299
Perry	2007	Angleterre	Demi	Arrière	178	95	29.984
Corry	2007	Angleterre	3e ligne	Avant	196	113	29.415
Gomarsall	2007	Angleterre	Demi	Arrière	177	91	29.047
Barkley	2007	Angleterre	Demi	Arrière	178	92	29.037
Worsley	2007	Angleterre	3e ligne	Avant	196	111	28.894
Shaw	2007	Angleterre	2e ligne	Avant	205	120	28.554
Hipkis	2007	Angleterre	Ailier	Arrière	178	90	28.406
Cueto	2007	Angleterre	Ailier	Arrière	183	95	28.368
Borthwick	2007	Angleterre	2e ligne	Avant	198	111	28.313
Farrell	2007	Angleterre	Centre	Arrière	190	102	28.255
Moody	2007	Angleterre	3e ligne	Avant	191	103	28.234
Robinson	2007	Angleterre	Arrière	Arrière	173	84	28.066
Lewsey	2007	Angleterre	Ailier	Arrière	178	87	27.459
Wilkinson	2007	Angleterre	Demi	Arrière	177	86	27.451
Catt	2007	Angleterre	Centre	Arrière	178	86	27.143
Noon	2007	Angleterre	Centre	Arrière	180	86	26.543
Sackey	2007	Angleterre	Ailier	Arrière	186	91	26.304
Tait	2007	Angleterre	Ailier	Arrière	180	85	26.235
Armitage	2011	Angleterre	Arrière	Arrière	191	93	25.493
Ashton	2011	Angleterre	Ailier	Arrière	182	92	27.774
Banahan	2011	Angleterre	Ailier	Arrière	201	116	28.712
Cole	2011	Angleterre	1ère ligne	Avant	189	118	33.034
Corbisiero	2011	Angleterre	1ère ligne	Avant	186	118	34.108
Croft	2011	Angleterre	3e ligne	Avant	198	105	26.783
Easter	2011	Angleterre	3e ligne	Avant	193	117	31.410
Flood	2011	Angleterre	Demi	Arrière	184	92	27.174
Moody	2011	Angleterre	3e ligne	Avant	191	102	27.960
Palmer	2011	Angleterre	2e ligne	Avant	200	116	29.000
Shaw	2011	Angleterre	2e ligne	Avant	203	122	29.605
Sheridan	2011	Angleterre	1ère ligne	Avant	195	125	32.873
Simpson	2011	Angleterre	Demi	Arrière	180	82	25.309
Stevens	2011	Angleterre	1ère ligne	Avant	187	122	34.888
Thompson	2011	Angleterre	1ère ligne	Avant	188	118	33.386
Tindall	2011	Angleterre	Centre	Arrière	185	102	29.803
Tuilagui	2011	Angleterre	Centre	Arrière	185	112	32.725
Wigglesworth	2011	Angleterre	Demi	Arrière	176	84	27.118
Wilkinson	2011	Angleterre	Demi	Arrière	178	89	28.090
Wilson	2011	Angleterre	1ère ligne	Avant	187	122	34.888
Wood	2011	Angleterre	3e ligne	Avant	195	109	28.665
Youngs	2011	Angleterre	Demi	Arrière	178	92	29.037
Cueto	2011	Angleterre	Ailier	Arrière	183	95	28.368
Foden	2011	Angleterre	Arrière	Arrière	183	93	27.770
Hape	2011	Angleterre	Centre	Arrière	186	102	29.483
Hartley	2011	Angleterre	1ère ligne	Avant	185	110	32.140
Lawes	2011	Angleterre	2e ligne	Avant	200	111	27.750
Deacon	2011	Angleterre	2e ligne	Avant	198	117	29.844
Haskell	2011	Angleterre	3e ligne	Avant	194	114	30.290
Mears	2011	Angleterre	1ère ligne	Avant	176	98	31.637
Albanese	1995	Argentine	Ailier	Arrière	174	74	24.442
Arbizu	1995	Argentine	Demi	Arrière	175	79	25.796
Bossicovich	1995	Argentine	2e ligne	Avant	190	100	27.701
Buabse	1995	Argentine	2e ligne	Avant	190	101	27.978
Cilley	1995	Argentine	Demi	Arrière	177	77	24.578
Corral	1995	Argentine	1ère ligne	Avant	181	103	31.440
Crexell	1995	Argentine	Demi	Arrière	179	80	24.968
Cuesta Silva	1995	Argentine	Centre	Arrière	187	88	25.165
Del Castillo F.	1995	Argentine	Centre	Arrière	170	78	26.990
Del Castillo G.	1995	Argentine	Demi	Arrière	173	71	23.723
Garcia	1995	Argentine	Centre	Arrière	178	83	26.196
Irazoqui	1995	Argentine	3e ligne	Avant	190	102	28.255
Jurado	1995	Argentine	Arrière	Arrière	171	70	23.939
Le Fort	1995	Argentine	1ère ligne	Avant	172	92	31.098
Llanes	1995	Argentine	2e ligne	Avant	198	127	32.395
Martin	1995	Argentine	3e ligne	Avant	189	98	27.435
Mendez	1995	Argentine	1ère ligne	Avant	182	105	31.699
Noriega	1995	Argentine	1ère ligne	Avant	186	115	33.241
Pichot	1995	Argentine	Demi	Arrière	170	72	24.913
Salvat	1995	Argentine	Centre	Arrière	181	80	24.419
Santamarina	1995	Argentine	3e ligne	Avant	184	90	26.583
Sporleder	1995	Argentine	2e ligne	Avant	198	117	29.844
Sugasti	1995	Argentine	3e ligne	Avant	187	92	26.309
Teran	1995	Argentine	Ailier	Arrière	174	74	24.442
Urbano	1995	Argentine	1ère ligne	Avant	177	100	31.919
Viel	1995	Argentine	3e ligne	Avant	190	98	27.147
Albanese	1999	Argentine	Ailier	Arrière	175	78	25.469
Allub	1999	Argentine	2e ligne	Avant	195	104	27.350
Arbizu	1999	Argentine	Demi	Arrière	175	78	25.469
Bartolucci	1999	Argentine	Ailier	Arrière	195	89	23.406
Camardon	1999	Argentine	Demi	Arrière	187	85	24.307
Canalda	1999	Argentine	1ère ligne	Avant	182	98	29.586
Cilley	1999	Argentine	Demi	Arrière	177	79	25.216
Contepomi F.	1999	Argentine	Centre	Arrière	180	85	26.235
Contepomi M.	1999	Argentine	Arrière	Arrière	187	89	25.451
Corleto	1999	Argentine	Ailier	Arrière	185	85	24.836
Diaz Alberdi	1999	Argentine	1ère ligne	Avant	180	107	33.025
Fernandez Llobe	1999	Argentine	3e ligne	Avant	193	105	28.189
Fernandez Miranda J.	1999	Argentine	Demi	Arrière	180	84	25.926
Fernandez Miranda N.	1999	Argentine	Demi	Arrière	177	85	27.131
Grau	1999	Argentine	1ère ligne	Avant	182	107	32.303
Hasan	1999	Argentine	1ère ligne	Avant	182	107	32.303
Ledesma	1999	Argentine	1ère ligne	Avant	182	84	25.359
Longo Elia	1999	Argentine	3e ligne	Avant	193	97	26.041
Martin	1999	Argentine	3e ligne	Avant	187	102	29.169
Orengo	1999	Argentine	Centre	Arrière	175	85	27.755
Ostiglia	1999	Argentine	2e ligne	Avant	190	95	26.316
Perez	1999	Argentine	3e ligne	Avant	190	104	28.809
Phelan	1999	Argentine	3e ligne	Avant	187	91	26.023
Pichot	1999	Argentine	Demi	Arrière	175	78	25.469
Quesada	1999	Argentine	Demi	Arrière	182	83	25.057
Reggiardo	1999	Argentine	1ère ligne	Avant	190	121	33.518
Ruiz	1999	Argentine	3e ligne	Avant	193	102	27.383
Scelzo	1999	Argentine	1ère ligne	Avant	190	129	35.734
Simone	1999	Argentine	Centre	Arrière	182	88	26.567
Sporleder	1999	Argentine	2e ligne	Avant	198	117	29.844
Albanese	2003	Argentine	Ailier	Arrière	172	78	26.366
Alvarez Kairelis	2003	Argentine	2e ligne	Avant	195	107	28.139
Bouza	2003	Argentine	3e ligne	Avant	195	93	24.458
Contepomi M.	2003	Argentine	Centre	Arrière	187	90	25.737
Corleto	2003	Argentine	Arrière	Arrière	185	86	25.128
Durand	2003	Argentine	3e ligne	Avant	182	97	29.284
Fernandez Miranda J.	2003	Argentine	Demi	Arrière	180	85	26.235
Fernandez Miranda N.	2003	Argentine	Demi	Arrière	177	86	27.451
Hasan	2003	Argentine	1ère ligne	Avant	182	114	34.416
Hernandez	2003	Argentine	Arrière	Arrière	187	86	24.593
Ledesma	2003	Argentine	1ère ligne	Avant	182	110	33.209
Martin	2003	Argentine	3e ligne	Avant	187	103	29.455
Mendez	2003	Argentine	1ère ligne	Avant	182	114	34.416
Nunez Piossek	2003	Argentine	Ailier	Arrière	175	87	28.408
Orengo	2003	Argentine	Centre	Arrière	175	86	28.082
Ostiglia	2003	Argentine	3e ligne	Avant	190	95	26.316
Phelan	2003	Argentine	3e ligne	Avant	187	92	26.309
Pichot	2003	Argentine	Demi	Arrière	175	78	25.469
Quesada	2003	Argentine	Demi	Arrière	185	88	25.712
Reggiardo	2003	Argentine	1ère ligne	Avant	190	122	33.795
Senillosa	2003	Argentine	Ailier	Arrière	180	85	26.235
Contepomi F.	2003	Argentine	Centre	Arrière	177	92	29.366
Gaitan	2003	Argentine	Centre	Arrière	177	86	27.451
Longo	2003	Argentine	3e ligne	Avant	193	102	27.383
Roncero	2003	Argentine	1ère ligne	Avant	177	114	36.388
Scelzo	2003	Argentine	1ère ligne	Avant	187	128	36.604
Sporleder	2003	Argentine	2e ligne	Avant	198	118	30.099
Albacete	2003	Argentine	2e ligne	Avant	200	117	29.250
Grau	2003	Argentine	1ère ligne	Avant	182	108	32.605
Fernandez Lobbe	2003	Argentine	2e ligne	Avant	196	110	28.634
Roncero	2007	Argentine	1ère ligne	Avant	177	110	35.111
Fernandez Miranda	2007	Argentine	Demi	Arrière	177	84	35.111
Scelzo	2007	Argentine	1ère ligne	Avant	190	125	34.626
Hasan	2007	Argentine	1ère ligne	Avant	183	115	34.340
Borges	2007	Argentine	Ailier	Arrière	177	80	36.707
Vernet Basualdo	2007	Argentine	1ère ligne	Avant	180	109	33.642
Hernandez	2007	Argentine	Arrière	Arrière	187	90	31.170
Ledesma	2007	Argentine	1ère ligne	Avant	183	110	32.847
Bonorino	2007	Argentine	1ère ligne	Avant	189	116	32.474
Pichot	2007	Argentine	Demi	Arrière	175	78	37.878
Agulla	2007	Argentine	Ailier	Arrière	181	82	23.809
Ayerza	2007	Argentine	1ère ligne	Avant	186	106	30.639
Schusterman	2007	Argentine	3e ligne	Avant	189	101	29.674
Serra Miras	2007	Argentine	Arrière	Arrière	188	83	28.576
Durand	2007	Argentine	3e ligne	Avant	181	96	29.303
Fernandez Lobbe I.	2007	Argentine	2e ligne	Avant	194	110	29.227
Albacete	2007	Argentine	2e ligne	Avant	200	115	28.750
Longo	2007	Argentine	3e ligne	Avant	193	105	28.189
Lozada	2007	Argentine	2e ligne	Avant	194	106	28.165
Contepomi F.	2007	Argentine	Demi	Arrière	180	91	32.716
Leguizamon	2007	Argentine	3e ligne	Avant	190	100	27.701
Fernandez Lobbe J.	2007	Argentine	3e ligne	Avant	193	102	27.383
Alvarez	2007	Argentine	2e ligne	Avant	197	106	27.313
Todeschini	2007	Argentine	Demi	Arrière	185	85	30.972
Senillosa	2007	Argentine	Centre	Arrière	180	90	26.235
Contepomi M.	2007	Argentine	Centre	Arrière	189	96	25.195
Corleto	2007	Argentine	Ailier	Arrière	185	90	28.050
Nunez Piossek	2007	Argentine	Ailier	Arrière	184	90	26.583
Tiesi	2007	Argentine	Centre	Arrière	184	88	26.583
Ostiglia	2007	Argentine	3e ligne	Avant	191	99	24.122
Agulla	2011	Argentine	Ailier	Arrière	181	88	26.861
Albacete	2011	Argentine	2e ligne	Avant	200	118	29.500
Ayerza	2011	Argentine	1ère ligne	Avant	186	110	31.796
Campos	2011	Argentine	3e ligne	Avant	190	107	29.640
Carizza	2011	Argentine	2e ligne	Avant	202	120	29.409
Contepomi	2011	Argentine	Demi	Arrière	184	92	27.174
Creevy	2011	Argentine	1ère ligne	Avant	181	106	32.356
Farias Cabello	2011	Argentine	3e ligne	Avant	193	109	29.263
Fernandez Lobbe	2011	Argentine	3e ligne	Avant	193	102	27.383
Galarza	2011	Argentine	2e ligne	Avant	202	112	27.448
Gonzales Amorosino	2011	Argentine	Ailier	Arrière	185	85	24.836
Gozio	2011	Argentine	Centre	Arrière	177	85	27.131
Lalanne	2011	Argentine	Demi	Arrière	172	79	26.704
Leguizamon	2011	Argentine	3e ligne	Avant	190	106	29.363
Roncero	2011	Argentine	1ère ligne	Avant	177	113	36.069
Sanchez	2011	Argentine	Demi	Arrière	177	83	26.493
Scelzo	2011	Argentine	1ère ligne	Avant	189	137	38.353
Senatore	2011	Argentine	3e ligne	Avant	191	106	29.056
Tiesi	2011	Argentine	Centre	Arrière	185	88	25.712
Vallejos Cinalli	2011	Argentine	2e ligne	Avant	184	105	31.014
Vergallo	2011	Argentine	Demi	Arrière	170	77	26.644
Bustos	2011	Argentine	1ère ligne	Avant	183	130	38.819
Fernandez	2011	Argentine	Centre	Arrière	183	90	26.874
Fessia	2011	Argentine	3e ligne	Avant	188	113	31.971
Ledesma	2011	Argentine	1ère ligne	Avant	183	110	32.847
Rodriguez	2011	Argentine	Arrière	Arrière	185	96	28.050
Bosch	2011	Argentine	Arrière	Arrière	186	93	26.882
Camachio	2011	Argentine	Ailier	Arrière	173	82	27.398
Figallo	2011	Argentine	1ère ligne	Avant	187	112	32.028
Imhoff	2011	Argentine	Ailier	Arrière	182	82	24.755
Bowen	1995	Australie	Demi	Arrière	176	83	26.795
Burke	1995	Australie	Arrière	Arrière	184	95	28.060
Campese	1995	Australie	Ailier	Arrière	180	90	27.778
Coker	1995	Australie	3e ligne	Avant	200	118	29.500
Crowley	1995	Australie	1ère ligne	Avant	175	103	33.633
Daly	1995	Australie	1ère ligne	Avant	179	110	34.331
Eales	1995	Australie	2e ligne	Avant	200	116	29.000
Foley	1995	Australie	3e ligne	Avant	183	104	31.055
Gavin	1995	Australie	3e ligne	Avant	195	107	28.139
Gregan	1995	Australie	Demi	Arrière	172	77	26.028
Hartill	1995	Australie	1ère ligne	Avant	183	113	33.742
Herbert	1995	Australie	Centre	Arrière	187	94	26.881
Horan	1995	Australie	Centre	Arrière	183	88	26.277
Kearns	1995	Australie	1ère ligne	Avant	183	110	32.847
Little	1995	Australie	Centre	Arrière	184	94	27.765
Lynagh	1995	Australie	Demi	Arrière	178	80	25.249
McCall	1995	Australie	2e ligne	Avant	198	112	28.569
McKenzie	1995	Australie	1ère ligne	Avant	182	112	33.812
Ofahengaue	1995	Australie	3e ligne	Avant	193	115	30.873
Pini	1995	Australie	Arrière	Arrière	182	90	27.171
Roff	1995	Australie	Ailier	Arrière	192	98	26.584
Slattery	1995	Australie	Demi	Arrière	178	79	24.934
Smith	1995	Australie	Ailier	Arrière	190	102	28.255
Tabua	1995	Australie	3e ligne	Avant	190	107	29.640
Waugh	1995	Australie	2e ligne	Avant	203	123	29.848
Wilson	1995	Australie	3e ligne	Avant	188	94	26.596
Blades	1999	Australie	1ère ligne	Avant	178	109	34.402
Bowman	1999	Australie	2e ligne	Avant	201	118	29.207
Burke	1999	Australie	Arrière	Arrière	184	98	28.946
Cockbain	1999	Australie	3e ligne	Avant	197	108	27.829
Connors	1999	Australie	2e ligne	Avant	195	104	27.350
Crowley	1999	Australie	1ère ligne	Avant	175	103	33.633
Eales	1999	Australie	2e ligne	Avant	200	115	28.750
Finegan	1999	Australie	3e ligne	Avant	198	114	29.079
Foley	1999	Australie	1ère ligne	Avant	181	106	32.356
Giffin	1999	Australie	2e ligne	Avant	198	115	29.334
Gregan	1999	Australie	Demi	Arrière	173	80	26.730
Grey	1999	Australie	Centre	Arrière	185	96	28.050
Harry	1999	Australie	1ère ligne	Avant	184	120	35.444
Herbert	1999	Australie	Centre	Arrière	188	100	28.293
Horan	1999	Australie	Centre	Arrière	183	93	27.770
Kafers	1999	Australie	Demi	Arrière	177	95	30.323
Kearns	1999	Australie	1ère ligne	Avant	183	110	32.847
Kefu	1999	Australie	3e ligne	Avant	191	106	29.056
Larkham	1999	Australie	Demi	Arrière	188	87	24.615
Latham	1999	Australie	Arrière	Arrière	192	93	25.228
Little	1999	Australie	Ailier	Arrière	183	100	29.861
Noriega	1999	Australie	1ère ligne	Avant	185	119	34.770
Paul	1999	Australie	1ère ligne	Avant	186	109	31.507
Roff	1999	Australie	Ailier	Arrière	192	100	27.127
Staniforth	1999	Australie	Centre	Arrière	186	96	27.749
Strauss	1999	Australie	3e ligne	Avant	189	104	29.115
Tune	1999	Australie	Ailier	Arrière	185	92	26.881
Whitaker	1999	Australie	Demi	Arrière	179	85	26.529
Williams	1999	Australie	3e ligne	Avant	193	110	29.531
Wilson	1999	Australie	3e ligne	Avant	187	96	27.453
Cannon	2003	Australie	1ère ligne	Avant	187	108	30.884
Darwin	2003	Australie	1ère ligne	Avant	187	116	33.172
Dunning	2003	Australie	1ère ligne	Avant	185	125	36.523
Paul	2003	Australie	1ère ligne	Avant	185	108	31.556
Young	2003	Australie	1ère ligne	Avant	190	110	30.471
Baxter	2003	Australie	1ère ligne	Avant	190	117	32.410
Giffin	2003	Australie	2e ligne	Avant	198	112	28.569
Harrison	2003	Australie	2e ligne	Avant	203	111	26.936
Sharpe	2003	Australie	2e ligne	Avant	200	113	28.250
Vickerman	2003	Australie	2e ligne	Avant	203	114	27.664
Cockbain	2003	Australie	3e ligne	Avant	195	108	28.402
Lyons	2003	Australie	3e ligne	Avant	190	116	32.133
Roe	2003	Australie	3e ligne	Avant	187	98	28.025
Smith	2003	Australie	3e ligne	Avant	180	103	31.790
Waugh	2003	Australie	3e ligne	Avant	182	97	29.284
Croft	2003	Australie	3e ligne	Avant	185	98	28.634
Mortlock	2003	Australie	Ailier	Arrière	190	95	26.316
Roff	2003	Australie	Ailier	Arrière	190	102	28.255
Sailor	2003	Australie	Ailier	Arrière	191	106	29.056
Tuqiri	2003	Australie	Ailier	Arrière	191	103	28.234
Latham	2003	Australie	Arrière	Arrière	190	93	25.762
Burke	2003	Australie	Arrière	Arrière	182	94	28.378
Giteau	2003	Australie	Centre	Arrière	177	82	26.174
Grey	2003	Australie	Centre	Arrière	182	94	28.378
Rogers	2003	Australie	Centre	Arrière	182	87	26.265
Turinui	2003	Australie	Centre	Arrière	180	102	31.481
Flatley	2003	Australie	Demi	Arrière	177	90	28.727
Gregan	2003	Australie	Demi	Arrière	172	79	26.704
Larkham	2003	Australie	Demi	Arrière	187	86	24.593
Whitaker	2003	Australie	Demi	Arrière	180	84	25.926
Dunning	2007	Australie	1ère ligne	Avant	182	115	34.718
Shepherdson	2007	Australie	1ère ligne	Avant	186	117	33.819
Holmes	2007	Australie	1ère ligne	Avant	183	112	33.444
Waugh	2007	Australie	3e ligne	Avant	175	100	32.653
Moore	2007	Australie	1ère ligne	Avant	186	112	32.374
Baxter	2007	Australie	1ère ligne	Avant	190	116	32.133
Freier	2007	Australie	1ère ligne	Avant	175	98	32.000
Palu	2007	Australie	3e ligne	Avant	194	120	31.884
Smith	2007	Australie	3e ligne	Avant	180	103	31.790
Lyons	2007	Australie	3e ligne	Avant	192	117	31.738
Hardman	2007	Australie	1ère ligne	Avant	183	105	31.354
Ashley-Cooper	2007	Australie	Centre	Arrière	182	98	29.586
Chisholm	2007	Australie	2e ligne	Avant	197	112	28.859
Sharpe	2007	Australie	2e ligne	Avant	200	115	28.750
McMeniman	2007	Australie	3e ligne	Avant	200	114	28.500
Tuqiri	2007	Australie	Ailier	Arrière	191	103	28.234
Staniforth	2007	Australie	Arrière	Arrière	188	99	28.010
Vickerman	2007	Australie	2e ligne	Avant	204	115	27.634
Cordingley	2007	Australie	Demi	Arrière	178	87	27.459
Mortlock	2007	Australie	Centre	Arrière	191	100	27.412
Elsom	2007	Australie	3e ligne	Avant	197	106	27.313
Hoiles	2007	Australie	3e ligne	Avant	190	98	27.147
Latham	2007	Australie	Arrière	Arrière	192	100	27.127
Gerrard	2007	Australie	Ailier	Arrière	192	99	26.855
Giteau	2007	Australie	Centre	Arrière	178	85	26.827
Huxley	2007	Australie	Arrière	Arrière	186	91	26.304
Barnes	2007	Australie	Demi	Arrière	183	88	26.277
Mitchell	2007	Australie	Arrière	Arrière	180	85	26.235
Gregan	2007	Australie	Demi	Arrière	173	78	26.062
Larkham	2007	Australie	Demi	Arrière	189	88	24.635
Alexander	2011	Australie	1ère ligne	Avant	180	120	37.037
Ashley Cooper	2011	Australie	Centre	Arrière	182	98	29.586
Barnes	2011	Australie	Demi	Arrière	183	87	25.979
Beale	2011	Australie	Arrière	Arrière	184	86	25.402
Cooper	2011	Australie	Demi	Arrière	186	93	26.882
Elsom	2011	Australie	3e ligne	Avant	197	112	28.859
Faingaa	2011	Australie	1ère ligne	Avant	187	103	29.455
Faingaa	2011	Australie	Centre	Arrière	182	91	27.473
Genia	2011	Australie	Demi	Arrière	174	85	28.075
Ma'afu	2011	Australie	1ère ligne	Avant	184	125	36.921
Mitchell	2011	Australie	Ailier	Arrière	180	85	26.235
Moore	2011	Australie	1ère ligne	Avant	186	112	32.374
O'Connor	2011	Australie	Arrière	Arrière	180	80	24.691
Palu	2011	Australie	3e ligne	Avant	194	120	31.884
Phipps	2011	Australie	Demi	Arrière	180	87	26.852
Pocock	2011	Australie	3e ligne	Avant	183	103	30.756
Polota-Nau	2011	Australie	1ère ligne	Avant	180	112	34.568
Samo	2011	Australie	2e ligne	Avant	196	118	30.716
Sharpe	2011	Australie	2e ligne	Avant	200	115	28.750
Simmons	2011	Australie	2e ligne	Avant	200	115	28.750
Slipper	2011	Australie	1ère ligne	Avant	185	113	33.017
Burgess	2011	Australie	Demi	Arrière	180	85	26.235
Horne	2011	Australie	Centre	Arrière	186	85	24.569
Horwill	2011	Australie	2e ligne	Avant	200	115	28.750
Ioane	2011	Australie	Ailier	Arrière	179	93	29.025
Kepu	2011	Australie	1ère ligne	Avant	188	125	35.367
McCabe	2011	Australie	Ailier	Arrière	186	92	26.593
McCalman	2011	Australie	3e ligne	Avant	192	108	29.297
Higginbotham	2011	Australie	3e ligne	Avant	194	110	29.227
Vickerman	2011	Australie	2e ligne	Avant	204	115	27.634
Burnell	1995	Ecosse	1ère ligne	Avant	184	103	30.423
Campbell	1995	Ecosse	2e ligne	Avant	198	105	26.783
Chalmers	1995	Ecosse	Demi	Arrière	177	82	26.174
Cronin	1995	Ecosse	2e ligne	Avant	198	112	28.569
Glasgow	1995	Ecosse	Arrière	Arrière	173	77	25.728
Hastings G.	1995	Ecosse	Arrière	Arrière	173	77	25.728
Hastings S.	1995	Ecosse	Centre	Arrière	183	89	26.576
Hilton	1995	Ecosse	1ère ligne	Avant	177	103	32.877
Jardine	1995	Ecosse	Centre	Arrière	185	86	25.128
Joiner	1995	Ecosse	Ailier	Arrière	178	87	27.459
Logan	1995	Ecosse	Centre	Arrière	185	86	25.128
Manson	1995	Ecosse	1ère ligne	Avant	180	108	33.333
McKenzie	1995	Ecosse	1ère ligne	Avant	178	89	28.090
Milne	1995	Ecosse	1ère ligne	Avant	183	101	30.159
Morrison	1995	Ecosse	3e ligne	Avant	185	96	28.050
Patterson	1995	Ecosse	Demi	Arrière	170	73	25.260
Peters	1995	Ecosse	3e ligne	Avant	195	106	27.876
Redpath	1995	Ecosse	Demi	Arrière	170	73	25.260
Richardson	1995	Ecosse	2e ligne	Avant	201	107	26.484
Shiel	1995	Ecosse	Centre	Arrière	175	84	27.429
Smith	1995	Ecosse	3e ligne	Avant	183	89	26.576
Stanger	1995	Ecosse	Ailier	Arrière	186	94	27.171
Wainwright	1995	Ecosse	3e ligne	Avant	193	97	26.041
Walton	1995	Ecosse	3e ligne	Avant	188	108	30.557
Weir	1995	Ecosse	2e ligne	Avant	200	100	25.000
Wright	1995	Ecosse	1ère ligne	Avant	181	106	32.356
Armstrong	1999	Ecosse	Demi	Arrière	172	86	29.070
Bulloch	1999	Ecosse	1ère ligne	Avant	180	96	29.630
Burnell	1999	Ecosse	1ère ligne	Avant	185	108	31.556
Fairley	1999	Ecosse	Demi	Arrière	177	89	28.408
Graham	1999	Ecosse	1ère ligne	Avant	170	107	37.024
Grimes	1999	Ecosse	2e ligne	Avant	195	104	27.350
Hilton	1999	Ecosse	1ère ligne	Avant	177	103	32.877
Hodge	1999	Ecosse	Arrière	Arrière	182	95	28.680
Leslie J.	1999	Ecosse	Centre	Arrière	185	92	26.881
Leslie M.	1999	Ecosse	3e ligne	Avant	190	101	27.978
Logan	1999	Ecosse	Ailier	Arrière	185	92	26.881
Longstaff	1999	Ecosse	Ailier	Arrière	182	100	30.190
Mather	1999	Ecosse	3e ligne	Avant	198	104	26.528
Mayer	1999	Ecosse	Centre	Arrière	177	91	29.047
McLaren	1999	Ecosse	Centre	Arrière	190	104	28.809
Metcalfe	1999	Ecosse	Arrière	Arrière	180	88	27.160
Murray C.	1999	Ecosse	Centre	Arrière	177	82	26.174
Murray S.	1999	Ecosse	2e ligne	Avant	198	104	26.528
Paterson	1999	Ecosse	Arrière	Arrière	182	75	22.642
Pountney	1999	Ecosse	3e ligne	Avant	187	95	27.167
Redpath	1999	Ecosse	Demi	Arrière	170	73	25.260
Reed	1999	Ecosse	2e ligne	Avant	200	112	28.000
Reid	1999	Ecosse	3e ligne	Avant	190	104	28.809
Russell	1999	Ecosse	1ère ligne	Avant	177	96	30.643
Simpson	1999	Ecosse	3e ligne	Avant	185	107	31.264
Smith	1999	Ecosse	1ère ligne	Avant	175	109	35.592
Tait	1999	Ecosse	Centre	Arrière	180	95	29.321
Townsend	1999	Ecosse	Demi	Arrière	185	85	24.836
Walton	1999	Ecosse	3e ligne	Avant	190	114	31.579
Weir	1999	Ecosse	2e ligne	Avant	198	111	28.313
Beattie	2003	Ecosse	3e ligne	Avant	195	111	29.191
Beveridge	2003	Ecosse	Demi	Arrière	167	82	29.402
Blair	2003	Ecosse	Demi	Arrière	180	85	26.235
Bulloch	2003	Ecosse	1ère ligne	Avant	180	102	31.481
Craig	2003	Ecosse	Centre	Arrière	185	92	26.881
Danielli	2003	Ecosse	Ailier	Arrière	193	102	27.383
Douglas	2003	Ecosse	1ère ligne	Avant	180	118	36.420
Grimes	2003	Ecosse	2e ligne	Avant	195	108	28.402
Hall	2003	Ecosse	1ère ligne	Avant	182	98	29.586
Henderson	2003	Ecosse	Centre	Arrière	193	96	25.773
Hines	2003	Ecosse	2e ligne	Avant	200	116	29.000
Hinshelwood	2003	Ecosse	Centre	Arrière	190	98	27.147
Kerr	2003	Ecosse	1ère ligne	Avant	180	103	31.790
Leslie	2003	Ecosse	3e ligne	Avant	190	105	29.086
Logan	2003	Ecosse	Ailier	Arrière	185	94	27.465
McIlwham	2003	Ecosse	1ère ligne	Avant	177	110	35.111
McLaren	2003	Ecosse	Centre	Arrière	190	110	30.471
Metcalfe	2003	Ecosse	Arrière	Arrière	180	86	26.543
Mower	2003	Ecosse	3e ligne	Avant	187	96	27.453
Murray	2003	Ecosse	2e ligne	Avant	198	105	26.783
Paterson	2003	Ecosse	Arrière	Arrière	182	82	24.755
Petrie	2003	Ecosse	3e ligne	Avant	193	109	29.263
Redpath	2003	Ecosse	Demi	Arrière	170	80	27.682
Ross	2003	Ecosse	Demi	Arrière	172	84	28.394
Russell	2003	Ecosse	1ère ligne	Avant	177	98	31.281
Smith	2003	Ecosse	1ère ligne	Avant	177	103	32.877
Taylor	2003	Ecosse	3e ligne	Avant	193	105	28.189
Townsend	2003	Ecosse	Demi	Arrière	180	93	28.704
Walker	2003	Ecosse	Ailier	Arrière	193	109	29.263
White	2003	Ecosse	2e ligne	Avant	195	105	27.613
Jacobsen	2007	Ecosse	1ère ligne	Avant	177	118	37.665
Murray E.	2007	Ecosse	1ère ligne	Avant	185	120	35.062
Smith	2007	Ecosse	1ère ligne	Avant	189	120	33.594
Lawson S.	2007	Ecosse	1ère ligne	Avant	173	100	33.412
Kerr	2007	Ecosse	1ère ligne	Avant	188	112	31.689
Thomson	2007	Ecosse	1ère ligne	Avant	183	104	31.055
Dewey	2007	Ecosse	Centre	Arrière	190	112	31.025
Hamilton	2007	Ecosse	2e ligne	Avant	203	126	30.576
Taylor	2007	Ecosse	3e ligne	Avant	193	113	30.336
Ford	2007	Ecosse	1ère ligne	Avant	185	102	29.803
Lamont R.	2007	Ecosse	Ailier	Arrière	185	100	29.218
Lamont S.	2007	Ecosse	Ailier	Arrière	188	102	28.859
Hogg	2007	Ecosse	3e ligne	Avant	191	105	28.782
Hines	2007	Ecosse	2e ligne	Avant	201	116	28.712
Callam	2007	Ecosse	3e ligne	Avant	193	106	28.457
White	2007	Ecosse	3e ligne	Avant	196	108	28.113
Parks	2007	Ecosse	Demi	Arrière	180	90	27.778
Di Rollo	2007	Ecosse	Centre	Arrière	185	95	27.757
Walker	2007	Ecosse	Ailier	Arrière	193	103	27.652
Henderson	2007	Ecosse	Centre	Arrière	193	102	27.383
MacLeod	2007	Ecosse	2e ligne	Avant	199	108	27.272
Southwell	2007	Ecosse	Arrière	Arrière	188	96	27.162
Brown	2007	Ecosse	3e ligne	Avant	194	102	27.102
Murray S.	2007	Ecosse	2e ligne	Avant	198	105	26.783
Lawson R.	2007	Ecosse	Demi	Arrière	175	82	26.776
Webster	2007	Ecosse	Ailier	Arrière	183	89	26.576
Barclay	2007	Ecosse	3e ligne	Avant	190	95	26.316
Cusiter	2007	Ecosse	Demi	Arrière	178	83	26.196
Blair	2007	Ecosse	Demi	Arrière	180	83	25.617
Paterson	2007	Ecosse	Arrière	Arrière	183	79	23.590
Ansbro	2011	Ecosse	Centre	Arrière	182	91	27.473
Barclay	2011	Ecosse	3e ligne	Avant	190	103	28.532
Brown	2011	Ecosse	3e ligne	Avant	193	106	28.457
Cusiter	2011	Ecosse	Demi	Arrière	178	83	26.196
Danielli	2011	Ecosse	Ailier	Arrière	193	101	27.115
De Luca	2011	Ecosse	Centre	Arrière	185	93	27.173
Dickinson	2011	Ecosse	1ère ligne	Avant	185	103	30.095
Ford	2011	Ecosse	1ère ligne	Avant	184	109	32.195
Gray	2011	Ecosse	2e ligne	Avant	204	120	28.835
Hall	2011	Ecosse	1ère ligne	Avant	184	98	28.946
Hamilton	2011	Ecosse	2e ligne	Avant	202	124	30.389
Jacobsen	2011	Ecosse	1ère ligne	Avant	176	113	36.480
Kellock	2011	Ecosse	2e ligne	Avant	192	108	29.297
Low	2011	Ecosse	1ère ligne	Avant	188	115	32.537
Morrison	2011	Ecosse	Centre	Arrière	191	105	28.782
Murray	2011	Ecosse	1ère ligne	Avant	185	119	34.770
Paterson	2011	Ecosse	Arrière	Arrière	180	80	24.691
Strokosch	2011	Ecosse	3e ligne	Avant	191	111	30.427
Vernon	2011	Ecosse	3e ligne	Avant	197	104	26.798
Cross	2011	Ecosse	1ère ligne	Avant	183	109	32.548
Hines	2011	Ecosse	2e ligne	Avant	200	119	29.750
Jackson	2011	Ecosse	Demi	Arrière	180	74	22.840
Lamont R.	2011	Ecosse	Ailier	Arrière	188	100	28.293
Lamont S.	2011	Ecosse	Arrière	Arrière	188	102	28.859
Lawson	2011	Ecosse	1ère ligne	Avant	172	100	33.802
Lawson	2011	Ecosse	Demi	Arrière	176	83	26.795
Parks	2011	Ecosse	Demi	Arrière	180	90	27.778
Rennie	2011	Ecosse	3e ligne	Avant	184	96	28.355
Blair	2011	Ecosse	Demi	Arrière	180	85	26.235
Evans	2011	Ecosse	Ailier	Arrière	175	88	28.735
Accoceberry	1995	France	Demi	Arrière	182	76	22.944
Armary	1995	France	1ère ligne	Avant	184	101	29.832
Ducalcon	2011	France	1ère ligne	Avant	183	120	35.833
Benazzi	1995	France	3e ligne	Avant	197	112	28.859
Benetton	1995	France	3e ligne	Avant	190	98	27.147
Auradou	1999	France	2e ligne	Avant	201	105	25.989
Benezech	1995	France	1ère ligne	Avant	185	101	29.511
Brouzet	1995	France	2e ligne	Avant	204	123	29.556
Auradou	2003	France	2e ligne	Avant	200	108	27.000
Cabannes	1995	France	3e ligne	Avant	189	91	25.475
Califano	1995	France	1ère ligne	Avant	183	105	31.354
Poux	2011	France	1ère ligne	Avant	180	113	34.877
Cécillon	1995	France	3e ligne	Avant	192	110	29.839
Costes	1995	France	3e ligne	Avant	186	102	29.483
De Rougemont	1995	France	1ère ligne	Avant	175	91	29.714
Delaigue	1995	France	Demi	Arrière	180	80	24.691
Deylaud	1995	France	Demi	Arrière	176	75	24.212
Gallart	1995	France	1ère ligne	Avant	184	110	32.491
Gonzalez	1995	France	1ère ligne	Avant	175	103	33.633
Hueber	1995	France	Demi	Arrière	173	77	25.728
Lacroix	1995	France	Centre	Arrière	182	84	25.359
Merle	1995	France	2e ligne	Avant	198	126	32.140
Mesnel	1995	France	Centre	Arrière	181	93	28.387
Ntamack	1995	France	Ailier	Arrière	189	91	25.475
Roumat	1995	France	2e ligne	Avant	200	116	29.000
Benazzi	1999	France	2e ligne	Avant	197	112	28.859
Bernat-Salles	1999	France	Ailier	Arrière	181	79	24.114
Brouzet	1999	France	2e ligne	Avant	204	119	28.595
Califano	1999	France	1ère ligne	Avant	180	110	33.951
Castaignède S.	1999	France	Demi	Arrière	172	72	24.337
Betsen	2003	France	3e ligne	Avant	182	96	28.982
Castaignède T.	1999	France	Demi	Arrière	175	82	26.776
Costes	1999	France	3e ligne	Avant	186	98	28.327
Dal Maso	1999	France	1ère ligne	Avant	180	100	30.864
Mas	2007	France	1ère ligne	Avant	180	110	33.951
Barcella	2011	France	1ère ligne	Avant	183	110	32.847
De Villiers	1999	France	1ère ligne	Avant	184	105	31.014
Desbrosse	1999	France	Centre	Arrière	190	95	26.316
Dominici	1999	France	Ailier	Arrière	173	81	27.064
Dourthe	1999	France	Centre	Arrière	188	94	26.596
Mas	2011	France	1ère ligne	Avant	180	110	33.951
Garbajosa	1999	France	Ailier	Arrière	185	87	25.420
Glas	1999	France	Centre	Arrière	179	85	26.529
Ibañez	1999	France	1ère ligne	Avant	178	96	30.299
Juillet	1999	France	3e ligne	Avant	191	112	30.701
Lamaison	1999	France	Centre	Arrière	180	90	27.778
Lièvremont M.	1999	France	3e ligne	Avant	182	88	26.567
Lièvremont T.	1999	France	3e ligne	Avant	188	108	30.557
Magne	1999	France	3e ligne	Avant	188	97	27.445
Mallier	1999	France	3e ligne	Avant	184	100	29.537
Milloud	2007	France	1ère ligne	Avant	185	108	31.556
Marlu	1999	France	Ailier	Arrière	180	82	25.309
Mignoni	1999	France	Demi	Arrière	169	69	24.159
Mola	1999	France	Arrière	Arrière	180	84	25.926
Ntamack	1999	France	Ailier	Arrière	189	98	27.435
Pelous	1999	France	2e ligne	Avant	198	113	28.824
Brouzet	2003	France	2e ligne	Avant	204	119	28.595
Bru	2003	France	1ère ligne	Avant	177	97	30.962
Bruno	2007	France	1ère ligne	Avant	175	107	34.939
Brusque	2003	France	Arrière	Arrière	190	87	24.100
De Villiers	2007	France	1ère ligne	Avant	184	107	31.604
Chabal	2003	France	3e ligne	Avant	191	106	29.056
Crenca	2003	France	1ère ligne	Avant	180	103	31.790
Dominici	2003	France	Ailier	Arrière	172	82	27.718
Elhorga	2003	France	Ailier	Arrière	178	80	25.249
Galthié	2003	France	Demi	Arrière	180	83	25.617
Garbajosa	2003	France	Ailier	Arrière	185	88	25.712
Harinordoquy	2003	France	3e ligne	Avant	192	103	27.941
Ibañez	2003	France	1ère ligne	Avant	178	101	31.877
Servat	2011	France	1ère ligne	Avant	184	106	31.309
Jauzion	2003	France	Centre	Arrière	193	100	26.846
Sadourny	1995	France	Arrière	Arrière	180	87	26.852
Labit	2003	France	3e ligne	Avant	189	105	29.394
Liebenberg	2003	France	Centre	Arrière	186	106	30.639
Magne	2003	France	3e ligne	Avant	188	96	27.162
Marconnet	2003	France	1ère ligne	Avant	184	113	33.377
Marsh	2003	France	Centre	Arrière	186	98	28.327
Merceron	2003	France	Demi	Arrière	174	77	25.433
Michalak	2003	France	Demi	Arrière	180	84	25.926
Milloud	2003	France	1ère ligne	Avant	185	104	30.387
Pelous	2003	France	2e ligne	Avant	198	108	27.548
Poitrenaud	2003	France	Arrière	Arrière	188	86	24.332
Sarramea	1999	France	Ailier	Arrière	193	104	27.920
Poux	2003	France	1ère ligne	Avant	180	110	33.951
Poux	2007	France	1ère ligne	Avant	180	105	32.407
Rougerie	2003	France	Ailier	Arrière	194	96	25.507
Tabacco	2003	France	3e ligne	Avant	198	98	24.997
Saint-André	1995	France	Ailier	Arrière	180	87	26.852
Thion	2003	France	2e ligne	Avant	199	115	29.040
Ibañez	2007	France	1ère ligne	Avant	178	102	32.193
Szarzewski	2007	France	1ère ligne	Avant	180	102	31.481
Szarzewski	2011	France	1ère ligne	Avant	180	102	31.481
Sella	1995	France	Centre	Arrière	181	86	26.251
Chabal	2007	France	2e ligne	Avant	192	113	30.653
Nallet	2007	France	2e ligne	Avant	196	114	29.675
Heymans	2007	France	Ailier	Arrière	180	96	29.630
Thion	2007	France	2e ligne	Avant	199	115	29.040
Betsen	2007	France	3e ligne	Avant	182	96	28.982
Harinordoquy	2007	France	3e ligne	Avant	192	105	28.483
Martin	2007	France	3e ligne	Avant	195	108	28.402
Dominici	2007	France	Ailier	Arrière	172	84	28.394
Dusautoir	2007	France	3e ligne	Avant	188	100	28.293
Jauzion	2007	France	Centre	Arrière	193	105	28.189
Clerc	2007	France	Ailier	Arrière	178	89	28.090
Pelous	2007	France	2e ligne	Avant	198	108	27.548
Marty	2007	France	Centre	Arrière	180	89	27.469
Rougerie	2007	France	Ailier	Arrière	194	103	27.367
Beauxis	2007	France	Demi	Arrière	180	88	27.160
Traille	2007	France	Centre	Arrière	193	100	26.846
Bonnaire	2007	France	3e ligne	Avant	193	100	26.846
Nyanga	2007	France	3e ligne	Avant	186	92	26.593
Poitrenaud	2007	France	Arrière	Arrière	188	92	26.030
Mignoni	2007	France	Demi	Arrière	169	72	25.209
Skrela	2007	France	Demi	Arrière	190	91	25.208
Elissalde	2007	France	Demi	Arrière	172	73	24.676
Michalak	2007	France	Demi	Arrière	180	78	24.074
Techoueyres	1995	France	Ailier	Arrière	184	88	25.992
Clerc	2011	France	Ailier	Arrière	178	86	27.143
Dusautoir	2011	France	3e ligne	Avant	188	100	28.293
Traille	2003	France	Centre	Arrière	194	97	25.773
Heymans	2011	France	Arrière	Arrière	180	96	29.630
Lakafia	2011	France	3e ligne	Avant	191	114	31.249
Marty	2011	France	Centre	Arrière	180	93	28.704
Soulette	1999	France	1ère ligne	Avant	184	108	31.900
Médard	2011	France	Arrière	Arrière	180	89	27.469
Mermoz	2011	France	Centre	Arrière	180	96	29.630
Millo-Chluski	2011	France	2e ligne	Avant	196	119	30.977
Nallet	2011	France	2e ligne	Avant	195	116	30.506
Ouedraogo	2011	France	3e ligne	Avant	191	101	27.686
Palisson	2011	France	Arrière	Arrière	175	82	26.776
Papé	2011	France	2e ligne	Avant	196	112	29.155
Parra	2011	France	Demi	Arrière	180	76	23.457
Picamoles	2011	France	3e ligne	Avant	192	106	28.754
Pierre	2011	France	2e ligne	Avant	197	112	28.859
Guirado	2011	France	1ère ligne	Avant	180	99	30.556
Rougerie	2011	France	Centre	Arrière	194	104	27.633
Yachvili	2003	France	Demi	Arrière	182	81	24.454
Skrela	2011	France	Demi	Arrière	190	95	26.316
Tournaire	1999	France	1ère ligne	Avant	181	114	34.797
Traille	2011	France	Arrière	Arrière	194	105	27.899
Bonnaire	2011	France	3e ligne	Avant	192	101	27.398
Viars	1995	France	Arrière	Arrière	184	84	24.811
Harinordoquy	2011	France	3e ligne	Avant	192	110	29.839
Estebanez	2011	France	Centre	Arrière	186	98	28.327
Trinh-Duc	2011	France	Demi	Arrière	186	90	26.015
Yachvili	2011	France	Demi	Arrière	182	85	25.661
Bell	1995	Irlande	Ailier	Arrière	180	92	28.395
Bradley	1995	Irlande	Demi	Arrière	178	83	26.196
Burke	1995	Irlande	Demi	Arrière	173	76	25.393
Corkery	1995	Irlande	3e ligne	Avant	192	92	24.957
Elwood	1995	Irlande	Demi	Arrière	182	84	25.359
Field	1995	Irlande	Centre	Arrière	181	84	25.640
Foley	1995	Irlande	3e ligne	Avant	190	104	28.809
Francis	1995	Irlande	2e ligne	Avant	198	115	29.334
Fulcher	1995	Irlande	2e ligne	Avant	196	108	28.113
Geoghegan	1995	Irlande	Ailier	Arrière	182	83	25.057
Halpin	1995	Irlande	1ère ligne	Avant	183	110	32.847
Halvey	1995	Irlande	3e ligne	Avant	191	95	26.041
Hogan	1995	Irlande	Demi	Arrière	173	76	25.393
Hurley	1995	Irlande	1ère ligne	Avant	178	106	33.455
Johns	1995	Irlande	3e ligne	Avant	197	106	27.313
Kingston	1995	Irlande	1ère ligne	Avant	178	96	30.299
McBride	1995	Irlande	3e ligne	Avant	178	87	27.459
Mullin	1995	Irlande	Centre	Arrière	184	84	24.811
O'Mahony	1995	Irlande	Ailier	Arrière	180	83	25.617
O'Shea	1995	Irlande	Arrière	Arrière	188	95	26.879
Popplewell	1995	Irlande	1ère ligne	Avant	180	109	33.642
Staples	1995	Irlande	Arrière	Arrière	187	88	25.165
Tweed	1995	Irlande	2e ligne	Avant	198	117	29.844
Walace	1995	Irlande	1ère ligne	Avant	180	90	27.778
Wallace	1995	Irlande	Ailier	Arrière	180	86	26.543
Wood	1995	Irlande	1ère ligne	Avant	183	101	30.159
Bell	1999	Irlande	Centre	Arrière	180	98	30.247
Brennan	1999	Irlande	3e ligne	Avant	196	103	26.812
Bishop	1999	Irlande	Ailier	Arrière	183	86	25.680
Casey	1999	Irlande	2e ligne	Avant	201	117	28.960
Clohessy	1999	Irlande	1ère ligne	Avant	180	107	33.025
Corkery	1999	Irlande	3e ligne	Avant	193	106	28.457
Corrigan	1999	Irlande	1ère ligne	Avant	188	112	31.689
D'Arcy	1999	Irlande	Arrière	Arrière	180	88	27.160
Davidson	1999	Irlande	2e ligne	Avant	198	114	29.079
Dawson	1999	Irlande	3e ligne	Avant	185	97	28.342
Elwood	1999	Irlande	Demi	Arrière	183	90	26.874
Fitzpatrick	1999	Irlande	1ère ligne	Avant	188	117	33.103
Humphreys	1999	Irlande	Demi	Arrière	178	83	26.196
Johns	1999	Irlande	2e ligne	Avant	198	110	28.058
Maggs	1999	Irlande	Centre	Arrière	180	89	27.469
McKeen	1999	Irlande	1ère ligne	Avant	180	106	32.716
Miller	1999	Irlande	3e ligne	Avant	190	103	28.532
Mostyn	1999	Irlande	Ailier	Arrière	188	95	26.879
Mullins	1999	Irlande	Centre	Arrière	180	93	28.704
Nesdale	1999	Irlande	1ère ligne	Avant	178	102	32.193
O'Cuinneagain	1999	Irlande	3e ligne	Avant	191	104	28.508
O'Driscoll	1999	Irlande	Centre	Arrière	180	90	27.778
O'Kelly	1999	Irlande	2e ligne	Avant	203	106	25.723
O'Meara	1999	Irlande	Demi	Arrière	175	88	28.735
O'Shea	1999	Irlande	Arrière	Arrière	188	95	26.879
Tierney	1999	Irlande	Demi	Arrière	182	88	26.567
Topping	1999	Irlande	Ailier	Arrière	180	90	27.778
Wallace	1999	Irlande	1ère ligne	Avant	183	110	32.847
Ward	1999	Irlande	3e ligne	Avant	191	102	27.960
Wood	1999	Irlande	1ère ligne	Avant	183	108	32.249
Best	2003	Irlande	1ère ligne	Avant	185	112	32.725
Byrne	2003	Irlande	1ère ligne	Avant	177	98	31.281
Corrigan	2003	Irlande	1ère ligne	Avant	187	113	32.314
Costello	2003	Irlande	3e ligne	Avant	195	119	31.295
Dempsey	2003	Irlande	Arrière	Arrière	182	90	27.171
Doak	2003	Irlande	Demi	Arrière	172	85	28.732
Easterby G.	2003	Irlande	Demi	Arrière	187	89	25.451
Hayes	2003	Irlande	1ère ligne	Avant	193	121	32.484
Hickie	2003	Irlande	Ailier	Arrière	180	92	28.395
Horan	2003	Irlande	1ère ligne	Avant	185	105	30.679
Horgan A.	2003	Irlande	Ailier	Arrière	180	89	27.469
Horgan S.	2003	Irlande	Ailier	Arrière	193	101	27.115
Humphreys	2003	Irlande	Demi	Arrière	175	84	27.429
Kelly	2003	Irlande	Ailier	Arrière	177	89	28.408
Maggs	2003	Irlande	Centre	Arrière	182	92	27.774
O'Callaghan	2003	Irlande	2e ligne	Avant	198	102	26.018
O'Connell	2003	Irlande	2e ligne	Avant	198	108	27.548
O'Driscoll	2003	Irlande	Centre	Arrière	177	92	29.366
O'Gara	2003	Irlande	Demi	Arrière	180	83	25.617
O'Kelly	2003	Irlande	2e ligne	Avant	203	109	26.451
Quinlan	2003	Irlande	3e ligne	Avant	190	100	27.701
Sheahan	2003	Irlande	1ère ligne	Avant	180	103	31.790
Stringer	2003	Irlande	Demi	Arrière	170	70	24.221
Wood	2003	Irlande	1ère ligne	Avant	182	106	32.001
Easterby S.	2003	Irlande	3e ligne	Avant	190	111	30.748
Gleeson	2003	Irlande	3e ligne	Avant	185	95	27.757
Longwell	2003	Irlande	2e ligne	Avant	200	117	29.250
Miller	2003	Irlande	3e ligne	Avant	187	104	29.741
Wallace	2003	Irlande	Centre	Arrière	180	81	25.000
Foley	2003	Irlande	3e ligne	Avant	190	108	29.917
Hayes	2007	Irlande	1ère ligne	Avant	193	125	33.558
Best S.	2007	Irlande	1ère ligne	Avant	185	114	33.309
Sheahan	2007	Irlande	1ère ligne	Avant	180	107	33.025
Best R.	2007	Irlande	1ère ligne	Avant	180	105	32.407
Young	2007	Irlande	1ère ligne	Avant	185	110	32.140
Flannery	2007	Irlande	1ère ligne	Avant	180	102	31.481
O'Driscoll	2007	Irlande	Centre	Arrière	175	95	31.020
Horan	2007	Irlande	1ère ligne	Avant	185	105	30.679
Leamy	2007	Irlande	3e ligne	Avant	188	108	30.557
Ferris	2007	Irlande	3e ligne	Avant	193	110	29.531
Trimble	2007	Irlande	Centre	Arrière	183	98	29.263
Wallace D.	2007	Irlande	3e ligne	Avant	188	103	29.142
Quinlan	2007	Irlande	3e ligne	Avant	191	105	28.782
O'Kelly	2007	Irlande	2e ligne	Avant	203	117	28.392
O'Connell	2007	Irlande	2e ligne	Avant	198	111	28.313
Carney	2007	Irlande	Ailier	Arrière	180	91	28.086
O'Callaghan	2007	Irlande	2e ligne	Avant	198	110	28.058
Best N.	2007	Irlande	3e ligne	Avant	188	99	28.010
Horgan	2007	Irlande	Ailier	Arrière	193	104	27.920
Easterby	2007	Irlande	3e ligne	Avant	191	100	27.412
Dempsey	2007	Irlande	Arrière	Arrière	183	91	27.173
D'Arcy	2007	Irlande	Centre	Arrière	180	88	27.160
Duffy	2007	Irlande	Arrière	Arrière	185	92	26.881
Reddan	2007	Irlande	Demi	Arrière	173	80	26.730
Hickie	2007	Irlande	Ailier	Arrière	188	93	26.313
Wallace P.	2007	Irlande	Demi	Arrière	180	83	25.617
Murphy	2007	Irlande	Centre	Arrière	185	86	25.128
Boss	2007	Irlande	Demi	Arrière	178	79	24.934
Stringer	2007	Irlande	Demi	Arrière	170	72	24.913
O'Gara	2007	Irlande	Demi	Arrière	183	83	24.784
Best	2011	Irlande	1ère ligne	Avant	178	104	32.824
Boss	2011	Irlande	Demi	Arrière	177	86	27.451
Bowe	2011	Irlande	Ailier	Arrière	191	89	24.396
Buckley	2011	Irlande	1ère ligne	Avant	196	134	34.881
Court	2011	Irlande	1ère ligne	Avant	191	122	33.442
D'Arcy	2011	Irlande	Centre	Arrière	178	88	27.774
Earls	2011	Irlande	Centre	Arrière	180	89	27.469
Ferris	2011	Irlande	3e ligne	Avant	192	110	29.839
Flannery	2011	Irlande	1ère ligne	Avant	180	102	31.481
Healy	2011	Irlande	1ère ligne	Avant	185	107	31.264
Heaslip	2011	Irlande	3e ligne	Avant	193	109	29.263
Jenkins	2011	Irlande	3e ligne	Avant	182	103	31.095
Kearney	2011	Irlande	Arrière	Arrière	186	90	26.015
Murphy	2011	Irlande	Arrière	Arrière	183	87	25.979
Murray	2011	Irlande	Demi	Arrière	185	84	24.543
O'Callaghan	2011	Irlande	2e ligne	Avant	198	115	29.334
O'Connell	2011	Irlande	2e ligne	Avant	198	115	29.334
O'Driscoll	2011	Irlande	Centre	Arrière	180	94	29.012
O'Gara	2011	Irlande	Demi	Arrière	180	85	26.235
Ross	2011	Irlande	1ère ligne	Avant	188	124	35.084
Ryan	2011	Irlande	2e ligne	Avant	195	105	27.613
Sexton	2011	Irlande	Demi	Arrière	188	92	26.030
Trimble	2011	Irlande	Ailier	Arrière	186	96	27.749
Wallace	2011	Irlande	Centre	Arrière	175	86	28.082
Cullen	2011	Irlande	2e ligne	Avant	198	110	28.058
Leamy	2011	Irlande	3e ligne	Avant	187	106	30.313
McFadden	2011	Irlande	Centre	Arrière	181	87	26.556
O'Brien	2011	Irlande	3e ligne	Avant	188	105	29.708
Reddan	2011	Irlande	Demi	Arrière	178	81	25.565
Cronin	2011	Irlande	1ère ligne	Avant	173	99	33.078
Arancio	1995	Italie	3e ligne	Avant	186	93	26.882
Bonomi	1995	Italie	Demi	Arrière	180	80	24.691
Bordon	1995	Italie	Centre	Arrière	182	85	25.661
Capuzzoni	1995	Italie	3e ligne	Avant	186	93	26.882
Castellani	1995	Italie	1ère ligne	Avant	191	105	28.782
Checchinato	1995	Italie	2e ligne	Avant	195	102	26.824
Cuttitta Mar.	1995	Italie	Ailier	Arrière	179	79	24.656
Cuttitta Mas.	1995	Italie	1ère ligne	Avant	179	106	33.083
Dal Sie	1995	Italie	1ère ligne	Avant	180	100	30.864
Dominguez	1995	Italie	Demi	Arrière	173	74	24.725
Favaro	1995	Italie	2e ligne	Avant	195	112	29.454
Francescato	1995	Italie	Demi	Arrière	175	73	23.837
Gardner	1995	Italie	3e ligne	Avant	192	102	27.669
Gerosa	1995	Italie	Ailier	Arrière	170	80	27.682
Giacheri	1995	Italie	2e ligne	Avant	203	113	27.421
Mazzariol	1995	Italie	Centre	Arrière	174	76	25.102
Orlandi	1995	Italie	1ère ligne	Avant	184	90	26.583
Pedroni	1995	Italie	2e ligne	Avant	196	107	27.853
Platania	1995	Italie	Centre	Arrière	174	74	24.442
Properzi Curti	1995	Italie	1ère ligne	Avant	188	110	31.123
Ravazzalo	1995	Italie	Ailier	Arrière	187	87	24.879
Sgorlon	1995	Italie	3e ligne	Avant	180	92	28.395
Trevisiol	1995	Italie	1ère ligne	Avant	183	105	31.354
Troiani	1995	Italie	Arrière	Arrière	181	85	25.945
Troncon	1995	Italie	Demi	Arrière	179	79	24.656
Vaccari	1995	Italie	Arrière	Arrière	183	86	25.680
Arancio	1999	Italie	3e ligne	Avant	190	108	29.917
Bergamasco Ma.	1999	Italie	3e ligne	Avant	185	79	23.083
Caione	1999	Italie	3e ligne	Avant	187	100	28.597
Castellani	1999	Italie	1ère ligne	Avant	190	109	30.194
Ceppolino	1999	Italie	Centre	Arrière	184	89	26.288
Checchinato	1999	Italie	3e ligne	Avant	198	109	27.803
Cristofoletto	1999	Italie	2e ligne	Avant	190	110	30.471
De Rossi	1999	Italie	3e ligne	Avant	183	103	30.756
Dominguez	1999	Italie	Demi	Arrière	172	76	25.690
Giacheri	1999	Italie	3e ligne	Avant	203	113	27.421
Giovanelli	1999	Italie	3e ligne	Avant	185	103	30.095
Lo Cicero	1999	Italie	1ère ligne	Avant	185	116	33.893
Martin	1999	Italie	Centre	Arrière	185	89	26.004
Mazzariol	1999	Italie	Ailier	Arrière	172	76	25.690
Mazzi	1999	Italie	Demi	Arrière	172	75	25.352
Mazzuccato	1999	Italie	Arrière	Arrière	187	94	26.881
Moreno	1999	Italie	1ère ligne	Avant	183	114	34.041
Moretti	1999	Italie	1ère ligne	Avant	177	94	30.004
Moscardi	1999	Italie	1ère ligne	Avant	185	99	28.926
Pini	1999	Italie	Arrière	Arrière	182	85	25.661
Properzi	1999	Italie	1ère ligne	Avant	187	120	34.316
Pucciariello	1999	Italie	1ère ligne	Avant	175	107	34.939
Roselli	1999	Italie	Ailier	Arrière	175	85	27.755
Saviozzi	1999	Italie	3e ligne	Avant	185	100	29.218
Scanavacca	1999	Italie	Demi	Arrière	176	79	25.504
Stoica	1999	Italie	Centre	Arrière	187	97	27.739
Travini	1999	Italie	2e ligne	Avant	193	105	28.189
Troncon	1999	Italie	Demi	Arrière	177	83	26.493
Vaccari	1999	Italie	Ailier	Arrière	180	92	28.395
Zisti	1999	Italie	Centre	Arrière	186	99	28.616
Barbini	2003	Italie	Centre	Arrière	187	90	25.737
Benatti	2003	Italie	3e ligne	Avant	190	96	26.593
Bergamasco	2003	Italie	3e ligne	Avant	183	96	28.666
Bezzi	2003	Italie	2e ligne	Avant	193	115	30.873
Bortolami	2003	Italie	2e ligne	Avant	195	93	24.458
Canale	2003	Italie	Ailier	Arrière	180	85	26.235
Castrogiovanni	2003	Italie	1ère ligne	Avant	193	102	27.383
Checchinato	2003	Italie	3e ligne	Avant	198	110	28.058
Dallan	2003	Italie	Centre	Arrière	185	85	24.836
De Rossi	2003	Italie	3e ligne	Avant	182	102	30.793
Dellape	2003	Italie	2e ligne	Avant	200	118	29.500
Lo Cicero	2003	Italie	1ère ligne	Avant	185	118	34.478
Martinez	2003	Italie	1ère ligne	Avant	182	115	34.718
Mazzantini	2003	Italie	Demi	Arrière	177	81	25.855
Mazzariol	2003	Italie	Ailier	Arrière	172	76	25.690
Mazzucato	2003	Italie	Ailier	Arrière	187	94	26.881
Mirco	2003	Italie	Arrière	Arrière	180	86	26.543
Ongaro	2003	Italie	1ère ligne	Avant	182	99	29.888
Palmer	2003	Italie	3e ligne	Avant	190	100	27.701
Parisse	2003	Italie	3e ligne	Avant	190	95	26.316
Peens	2003	Italie	Demi	Arrière	182	92	27.774
Persico	2003	Italie	3e ligne	Avant	185	103	30.095
Perugini	2003	Italie	1ère ligne	Avant	182	103	31.095
Phillips	2003	Italie	3e ligne	Avant	193	114	30.605
Wakarua	2003	Italie	Demi	Arrière	177	86	27.451
Zullo	2003	Italie	Demi	Arrière	172	75	25.352
Masi	2003	Italie	Arrière	Arrière	185	92	26.881
Stoica	2003	Italie	Centre	Arrière	187	94	26.881
Troncon	2003	Italie	Demi	Arrière	177	84	26.812
Festuccia	2003	Italie	1ère ligne	Avant	182	93	28.076
Perugini	2007	Italie	1ère ligne	Avant	180	111	34.259
Castrogiovanni	2007	Italie	1ère ligne	Avant	188	117	33.103
Lo Cicero	2007	Italie	1ère ligne	Avant	185	113	33.017
Aguero	2007	Italie	1ère ligne	Avant	185	111	32.432
Festuccia	2007	Italie	1ère ligne	Avant	182	105	31.699
Vosawai	2007	Italie	3e ligne	Avant	188	112	31.689
Ongaro	2007	Italie	1ère ligne	Avant	183	104	31.055
Barbieri	2007	Italie	3e ligne	Avant	185	105	30.679
Canale	2007	Italie	Centre	Arrière	180	95	29.321
Bergamasco Ma.	2007	Italie	3e ligne	Avant	183	98	29.263
Ghiraldini	2007	Italie	1ère ligne	Avant	184	99	29.241
Parisse	2007	Italie	3e ligne	Avant	196	112	29.155
Dellapè	2007	Italie	2e ligne	Avant	200	116	29.000
Masi	2007	Italie	Centre	Arrière	183	97	28.965
Bortolami	2007	Italie	2e ligne	Avant	196	111	28.894
Bernabo	2007	Italie	2e ligne	Avant	198	113	28.824
Sole	2007	Italie	3e ligne	Avant	196	110	28.634
Bergamasco Mi.	2007	Italie	Centre	Arrière	180	92	28.395
Del Fava	2007	Italie	2e ligne	Avant	198	109	27.803
Canavosio	2007	Italie	Ailier	Arrière	175	85	27.755
Pratichetti	2007	Italie	Centre	Arrière	190	100	27.701
Pez	2007	Italie	Demi	Arrière	178	87	27.459
De Marigny	2007	Italie	Arrière	Arrière	182	89	26.869
Troncon	2007	Italie	Demi	Arrière	177	84	26.812
Griffen	2007	Italie	Demi	Arrière	177	83	26.493
Galon	2007	Italie	Ailier	Arrière	187	92	26.309
Zanini	2007	Italie	3e ligne	Avant	194	99	26.305
Bortolussi	2007	Italie	Arrière	Arrière	188	91	25.747
Stanojevic	2007	Italie	Ailier	Arrière	180	82	25.309
Robertson	2007	Italie	Ailier	Arrière	178	76	23.987
Barbieri	2011	Italie	3e ligne	Avant	185	107	31.264
Benvenuti	2011	Italie	Ailier	Arrière	186	95	27.460
Bergamosco Ma.	2011	Italie	3e ligne	Avant	186	98	28.327
Bortolami	2011	Italie	2e ligne	Avant	195	112	29.454
Canale	2011	Italie	Centre	Arrière	183	93	27.770
Canavosio	2011	Italie	Demi	Arrière	179	82	25.592
Castrogiovanni	2011	Italie	1ère ligne	Avant	187	118	33.744
D'Apice	2011	Italie	1ère ligne	Avant	183	103	30.756
Gori	2011	Italie	Demi	Arrière	176	81	26.149
Lo Cicero	2011	Italie	1ère ligne	Avant	184	112	33.081
Masi	2011	Italie	Centre	Arrière	186	92	26.593
Ongaro	2011	Italie	1ère ligne	Avant	182	103	31.095
Orquera	2011	Italie	Demi	Arrière	170	78	26.990
Parisse	2011	Italie	3e ligne	Avant	195	105	27.613
Perugini	2011	Italie	1ère ligne	Avant	182	118	35.624
Semenzato	2011	Italie	Demi	Arrière	177	85	27.131
Sgarbi	2011	Italie	Ailier	Arrière	191	100	27.412
Toniolatti	2011	Italie	Ailier	Arrière	183	84	25.083
Van Zyl	2011	Italie	2e ligne	Avant	199	109	27.525
Zanni	2011	Italie	3e ligne	Avant	191	106	29.056
McLean	2011	Italie	Arrière	Arrière	191	96	26.315
Pratichetti	2011	Italie	Centre	Arrière	190	96	26.593
Bocchino	2011	Italie	Demi	Arrière	179	81	25.280
Bergamasco Mi.	2011	Italie	Ailier	Arrière	180	86	26.543
Cittadini	2011	Italie	1ère ligne	Avant	189	123	34.434
Del Fava	2011	Italie	2e ligne	Avant	198	110	28.058
Garcia	2011	Italie	Centre	Arrière	185	95	27.757
Geldenhuys	2011	Italie	2e ligne	Avant	201	121	29.950
Ghiraldini	2011	Italie	1ère ligne	Avant	178	102	32.193
Derbyshire	2011	Italie	3e ligne	Avant	189	100	27.995
Bachop	1995	Nouvelle-Zélande	Demi	Arrière	177	82	26.174
Brewer	1995	Nouvelle-Zélande	3e ligne	Avant	195	97	25.510
Brooke R.	1995	Nouvelle-Zélande	2e ligne	Avant	196	101	26.291
Brooke Z.	1995	Nouvelle-Zélande	3e ligne	Avant	196	99	25.771
Brown	1995	Nouvelle-Zélande	1ère ligne	Avant	185	100	29.218
Bunce	1995	Nouvelle-Zélande	Centre	Arrière	183	94	28.069
Culhane	1995	Nouvelle-Zélande	Demi	Arrière	175	75	24.490
Dowd	1995	Nouvelle-Zélande	1ère ligne	Avant	191	114	31.249
Ellis	1995	Nouvelle-Zélande	Centre	Arrière	178	87	27.459
Fitzpatrick	1995	Nouvelle-Zélande	1ère ligne	Avant	183	105	31.354
Henderson	1995	Nouvelle-Zélande	3e ligne	Avant	190	94	26.039
Hewitt	1995	Nouvelle-Zélande	1ère ligne	Avant	178	108	34.087
Ieremia	1995	Nouvelle-Zélande	Centre	Arrière	188	97	27.445
Jones	1995	Nouvelle-Zélande	2e ligne	Avant	198	104	26.528
Joseph	1995	Nouvelle-Zélande	3e ligne	Avant	196	110	28.634
Kronfeld	1995	Nouvelle-Zélande	3e ligne	Avant	185	94	27.465
Larsen	1995	Nouvelle-Zélande	2e ligne	Avant	198	107	27.293
Little	1995	Nouvelle-Zélande	Centre	Arrière	178	76	23.987
Loe	1995	Nouvelle-Zélande	1ère ligne	Avant	187	110	31.456
Lomu	1995	Nouvelle-Zélande	Ailier	Arrière	194	118	31.353
Mehrtens	1995	Nouvelle-Zélande	Demi	Arrière	178	77	24.302
Osborne	1995	Nouvelle-Zélande	Arrière	Arrière	185	76	22.206
Rush	1995	Nouvelle-Zélande	Ailier	Arrière	183	90	26.874
Schuler	1995	Nouvelle-Zélande	3e ligne	Avant	189	100	27.995
Strachan	1995	Nouvelle-Zélande	Demi	Arrière	175	82	26.776
Wilson	1995	Nouvelle-Zélande	Arrière	Arrière	181	91	27.777
Alatini	1999	Nouvelle-Zélande	Centre	Arrière	179	90	28.089
Blowers	1999	Nouvelle-Zélande	3e ligne	Avant	193	109	29.263
Brooke	1999	Nouvelle-Zélande	2e ligne	Avant	198	108	27.548
Brown	1999	Nouvelle-Zélande	Demi	Arrière	179	80	24.968
Cullen	1999	Nouvelle-Zélande	Ailier	Arrière	180	86	26.543
Dowd	1999	Nouvelle-Zélande	1ère ligne	Avant	189	115	32.194
Duggan	1999	Nouvelle-Zélande	Demi	Arrière	175	75	24.490
Feek	1999	Nouvelle-Zélande	1ère ligne	Avant	185	112	32.725
Gibson	1999	Nouvelle-Zélande	Centre	Arrière	181	97	29.608
Hammett	1999	Nouvelle-Zélande	1ère ligne	Avant	182	103	31.095
Hoeft	1999	Nouvelle-Zélande	1ère ligne	Avant	184	114	33.672
Ieremia	1999	Nouvelle-Zélande	Centre	Arrière	187	101	28.883
Jones	1999	Nouvelle-Zélande	2e ligne	Avant	198	103	26.273
Kelleher	1999	Nouvelle-Zélande	Demi	Arrière	175	89	29.061
Kronfeld	1999	Nouvelle-Zélande	3e ligne	Avant	184	102	30.128
Lomu	1999	Nouvelle-Zélande	Ailier	Arrière	196	118	30.716
Marshall	1999	Nouvelle-Zélande	Demi	Arrière	179	94	29.337
Maxwell	1999	Nouvelle-Zélande	2e ligne	Avant	198	100	25.508
Meeuws	1999	Nouvelle-Zélande	1ère ligne	Avant	182	117	35.322
Mehrtens	1999	Nouvelle-Zélande	Demi	Arrière	177	83	26.493
Mika	1999	Nouvelle-Zélande	3e ligne	Avant	194	108	28.696
Oliver	1999	Nouvelle-Zélande	1ère ligne	Avant	185	113	33.017
Osborne	1999	Nouvelle-Zélande	Arrière	Arrière	182	89	26.869
Randelll	1999	Nouvelle-Zélande	3e ligne	Avant	187	108	30.884
Robertson	1999	Nouvelle-Zélande	3e ligne	Avant	190	108	29.917
Spencer	1999	Nouvelle-Zélande	Demi	Arrière	184	85	25.106
Thorne	1999	Nouvelle-Zélande	2e ligne	Avant	192	104	28.212
Umaga	1999	Nouvelle-Zélande	Ailier	Arrière	187	101	28.883
Willis	1999	Nouvelle-Zélande	2e ligne	Avant	198	120	30.609
Wilson	1999	Nouvelle-Zélande	Arrière	Arrière	180	91	28.086
Blair	2003	Nouvelle-Zélande	Arrière	Arrière	174	83	27.414
Carter	2003	Nouvelle-Zélande	Centre	Arrière	180	91	28.086
Collins	2003	Nouvelle-Zélande	3e ligne	Avant	190	103	28.532
Devine	2003	Nouvelle-Zélande	Demi	Arrière	175	80	26.122
Hammett	2003	Nouvelle-Zélande	1ère ligne	Avant	185	107	31.264
Hewett	2003	Nouvelle-Zélande	1ère ligne	Avant	191	116	31.797
Hoeft	2003	Nouvelle-Zélande	1ère ligne	Avant	184	115	33.967
Howlett	2003	Nouvelle-Zélande	Ailier	Arrière	185	92	26.881
Jack	2003	Nouvelle-Zélande	2e ligne	Avant	202	112	27.448
Kelleher	2003	Nouvelle-Zélande	Demi	Arrière	175	94	30.694
Marshall	2003	Nouvelle-Zélande	Demi	Arrière	179	94	29.337
Mauger	2003	Nouvelle-Zélande	Centre	Arrière	181	93	28.387
McDonald	2003	Nouvelle-Zélande	Arrière	Arrière	181	96	29.303
Mealamu	2003	Nouvelle-Zélande	1ère ligne	Avant	181	98	29.914
Meeuws	2003	Nouvelle-Zélande	1ère ligne	Avant	183	121	36.131
Muliaina	2003	Nouvelle-Zélande	Arrière	Arrière	183	84	25.083
Ralph	2003	Nouvelle-Zélande	Ailier	Arrière	187	93	26.595
Rokocoko	2003	Nouvelle-Zélande	Ailier	Arrière	189	99	27.715
So'oialo	2003	Nouvelle-Zélande	3e ligne	Avant	190	105	29.086
Umaga	2003	Nouvelle-Zélande	Centre	Arrière	187	101	28.883
Braid	2003	Nouvelle-Zélande	3e ligne	Avant	186	94	27.171
Nonu	2003	Nouvelle-Zélande	Centre	Arrière	182	100	30.190
Spencer	2003	Nouvelle-Zélande	Demi	Arrière	184	95	28.060
Williams	2003	Nouvelle-Zélande	2e ligne	Avant	202	106	25.978
Flynn	2003	Nouvelle-Zélande	1ère ligne	Avant	184	106	31.309
Holah	2003	Nouvelle-Zélande	3e ligne	Avant	184	98	28.946
McCaw	2003	Nouvelle-Zélande	3e ligne	Avant	188	105	29.708
Somerville	2003	Nouvelle-Zélande	1ère ligne	Avant	187	115	32.886
Thorn	2003	Nouvelle-Zélande	2e ligne	Avant	195	113	29.717
Thorne	2003	Nouvelle-Zélande	3e ligne	Avant	192	107	29.026
Tialata	2007	Nouvelle-Zélande	1ère ligne	Avant	187	127	36.318
Woodcock	2007	Nouvelle-Zélande	1ère ligne	Avant	184	118	34.853
Hore	2007	Nouvelle-Zélande	1ère ligne	Avant	183	110	32.847
Oliver	2007	Nouvelle-Zélande	1ère ligne	Avant	184	111	32.786
Somerville	2007	Nouvelle-Zélande	1ère ligne	Avant	188	115	32.537
Mealamu	2007	Nouvelle-Zélande	1ère ligne	Avant	181	106	32.356
Lauaki	2007	Nouvelle-Zélande	3e ligne	Avant	192	119	32.281
Hayman	2007	Nouvelle-Zélande	1ère ligne	Avant	193	120	32.216
Masoe	2007	Nouvelle-Zélande	3e ligne	Avant	183	106	31.652
Kelleher	2007	Nouvelle-Zélande	Demi	Arrière	175	94	30.694
McCaw	2007	Nouvelle-Zélande	3e ligne	Avant	187	106	30.313
Collins	2007	Nouvelle-Zélande	3e ligne	Avant	190	109	30.194
So'oailo	2007	Nouvelle-Zélande	3e ligne	Avant	190	107	29.640
Robinson	2007	Nouvelle-Zélande	2e ligne	Avant	198	115	29.334
McAlister	2007	Nouvelle-Zélande	Centre	Arrière	180	95	29.321
Toeva	2007	Nouvelle-Zélande	Centre	Arrière	181	96	29.303
MacDonald	2007	Nouvelle-Zélande	Arrière	Arrière	181	96	29.303
Thorne	2007	Nouvelle-Zélande	3e ligne	Avant	192	107	29.026
Carter	2007	Nouvelle-Zélande	Demi	Arrière	179	91	28.401
Sivivatu	2007	Nouvelle-Zélande	Ailier	Arrière	185	97	28.342
Jack	2007	Nouvelle-Zélande	2e ligne	Avant	202	115	28.184
Williams	2007	Nouvelle-Zélande	2e ligne	Avant	202	115	28.184
Leonard	2007	Nouvelle-Zélande	Demi	Arrière	182	91	27.473
Mauger	2007	Nouvelle-Zélande	Centre	Arrière	183	92	27.472
Smith	2007	Nouvelle-Zélande	Centre	Arrière	186	95	27.460
Rokocoko	2007	Nouvelle-Zélande	Ailier	Arrière	189	98	27.435
Muliaina	2007	Nouvelle-Zélande	Arrière	Arrière	184	92	27.174
Ellis	2007	Nouvelle-Zélande	Demi	Arrière	181	89	27.166
Howlett	2007	Nouvelle-Zélande	Ailier	Arrière	185	89	26.004
Evans	2007	Nouvelle-Zélande	Demi	Arrière	180	84	25.926
Afoa	2011	Nouvelle-Zélande	1ère ligne	Avant	182	118	35.624
Boric	2011	Nouvelle-Zélande	2e ligne	Avant	200	110	27.500
Cowan	2011	Nouvelle-Zélande	Demi	Arrière	182	94	28.378
Ellis	2011	Nouvelle-Zélande	Demi	Arrière	182	89	26.869
Flynn	2011	Nouvelle-Zélande	1ère ligne	Avant	191	108	29.604
Franks B.	2011	Nouvelle-Zélande	1ère ligne	Avant	182	114	34.416
Guilford	2011	Nouvelle-Zélande	Ailier	Arrière	182	93	28.076
Kahui	2011	Nouvelle-Zélande	Centre	Arrière	189	100	27.995
Kaino	2011	Nouvelle-Zélande	3e ligne	Avant	193	105	28.189
Nonu	2011	Nouvelle-Zélande	Centre	Arrière	182	101	30.491
Read	2011	Nouvelle-Zélande	3e ligne	Avant	193	105	28.189
Slade	2011	Nouvelle-Zélande	Demi	Arrière	182	89	26.869
Smith	2011	Nouvelle-Zélande	Centre	Arrière	185	95	27.757
Thomson	2011	Nouvelle-Zélande	3e ligne	Avant	195	111	29.191
Thorn	2011	Nouvelle-Zélande	2e ligne	Avant	195	111	29.191
Toeava	2011	Nouvelle-Zélande	Arrière	Arrière	179	95	29.650
Vito	2011	Nouvelle-Zélande	3e ligne	Avant	192	109	29.568
Weepu	2011	Nouvelle-Zélande	Demi	Arrière	177	94	30.004
Whitelock	2011	Nouvelle-Zélande	2e ligne	Avant	194	111	29.493
Williams A.	2011	Nouvelle-Zélande	2e ligne	Avant	197	115	29.632
Williams S.	2011	Nouvelle-Zélande	Centre	Arrière	190	108	29.917
Carter	2011	Nouvelle-Zélande	Demi	Arrière	178	90	28.406
Dagg	2011	Nouvelle-Zélande	Ailier	Arrière	185	95	27.757
Franks O.	2011	Nouvelle-Zélande	1ère ligne	Avant	185	116	33.893
Hore	2011	Nouvelle-Zélande	1ère ligne	Avant	182	110	33.209
Jane	2011	Nouvelle-Zélande	Ailier	Arrière	182	84	25.359
McCaw	2011	Nouvelle-Zélande	3e ligne	Avant	187	105	30.027
Mealamu	2011	Nouvelle-Zélande	1ère ligne	Avant	179	105	32.771
Muliaina	2011	Nouvelle-Zélande	Arrière	Arrière	182	93	28.076
Woodcock	2011	Nouvelle-Zélande	1ère ligne	Avant	185	118	34.478
Benett	1995	Pays de Galles	3e ligne	Avant	186	90	26.015
Clement	1995	Pays de Galles	Arrière	Arrière	178	80	25.249
Davies A.	1995	Pays de Galles	Centre	Arrière	180	87	26.852
Davies J.	1995	Pays de Galles	1ère ligne	Avant	178	107	33.771
Davies S.	1995	Pays de Galles	3e ligne	Avant	192	109	29.568
Evans D.	1995	Pays de Galles	Centre	Arrière	175	78	25.469
Evans I.	1995	Pays de Galles	Ailier	Arrière	178	78	24.618
Evans R.	1995	Pays de Galles	1ère ligne	Avant	187	108	30.884
Ford	1995	Pays de Galles	Ailier	Arrière	183	79	23.590
Griffiths	1995	Pays de Galles	1ère ligne	Avant	180	105	32.407
Hall	1995	Pays de Galles	Centre	Arrière	185	95	27.757
Humphreys	1995	Pays de Galles	1ère ligne	Avant	182	95	28.680
Jenkins G.	1995	Pays de Galles	1ère ligne	Avant	175	100	32.653
Jenkins N.	1995	Pays de Galles	Demi	Arrière	178	72	22.724
John	1995	Pays de Galles	1ère ligne	Avant	185	108	31.556
Jones D.	1995	Pays de Galles	2e ligne	Avant	208	118	27.274
Jones R.	1995	Pays de Galles	Demi	Arrière	173	74	24.725
Lewis	1995	Pays de Galles	3e ligne	Avant	192	105	28.483
Llewellyn	1995	Pays de Galles	2e ligne	Avant	198	112	28.569
Moore	1995	Pays de Galles	Demi	Arrière	178	77	24.302
Proctor	1995	Pays de Galles	Ailier	Arrière	183	77	22.993
Prosser	1995	Pays de Galles	2e ligne	Avant	195	108	28.402
Roy	1995	Pays de Galles	2e ligne	Avant	198	110	28.058
Taylor	1995	Pays de Galles	3e ligne	Avant	188	93	26.313
Thomas G.	1995	Pays de Galles	Centre	Arrière	188	94	26.596
Thomas J.	1995	Pays de Galles	Ailier	Arrière	176	74	23.889
Bateman	1999	Pays de Galles	Centre	Arrière	175	88	28.735
Boobyer	1999	Pays de Galles	Arrière	Arrière	180	82	25.309
Charvis	1999	Pays de Galles	3e ligne	Avant	190	104	28.809
Davies	1999	Pays de Galles	Centre	Arrière	182	99	29.888
Evans	1999	Pays de Galles	1ère ligne	Avant	190	118	32.687
Gibbs	1999	Pays de Galles	Centre	Arrière	175	98	32.000
Howarth	1999	Pays de Galles	Arrière	Arrière	178	87	27.459
Howley	1999	Pays de Galles	Demi	Arrière	177	83	26.493
Humphreys	1999	Pays de Galles	1ère ligne	Avant	182	104	31.397
James	1999	Pays de Galles	Ailier	Arrière	190	84	23.269
Jenkins G.	1999	Pays de Galles	1ère ligne	Avant	177	102	32.558
Jenkins N.	1999	Pays de Galles	Demi	Arrière	177	83	26.493
Jones	1999	Pays de Galles	Demi	Arrière	182	86	25.963
Jones-Hughes	1999	Pays de Galles	Centre	Arrière	192	105	28.483
Lewis A.	1999	Pays de Galles	1ère ligne	Avant	177	104	33.196
Lewis G.	1999	Pays de Galles	3e ligne	Avant	175	82	26.776
Llewellyn D.	1999	Pays de Galles	Demi	Arrière	177	88	28.089
Llewellyn G.	1999	Pays de Galles	2e ligne	Avant	198	112	28.569
Moore	1999	Pays de Galles	2e ligne	Avant	200	112	28.000
Quinnell C.	1999	Pays de Galles	2e ligne	Avant	198	124	31.629
Quinnell S.	1999	Pays de Galles	3e ligne	Avant	193	116	31.142
Rogers	1999	Pays de Galles	1ère ligne	Avant	182	105	31.699
Sinkinson	1999	Pays de Galles	3e ligne	Avant	182	96	28.982
Taylor	1999	Pays de Galles	Centre	Arrière	185	86	25.128
Thomas	1999	Pays de Galles	Ailier	Arrière	187	103	29.455
Voyle	1999	Pays de Galles	3e ligne	Avant	195	106	27.876
Walne	1999	Pays de Galles	Ailier	Arrière	193	98	26.309
Williams	1999	Pays de Galles	3e ligne	Avant	187	100	28.597
Wyatt	1999	Pays de Galles	2e ligne	Avant	195	106	27.876
Young	1999	Pays de Galles	1ère ligne	Avant	185	113	33.017
Bennett	2003	Pays de Galles	1ère ligne	Avant	182	105	31.699
Charvis	2003	Pays de Galles	3e ligne	Avant	190	105	29.086
Cockbain	2003	Pays de Galles	2e ligne	Avant	203	116	28.149
Cooper	2003	Pays de Galles	Demi	Arrière	170	76	26.298
Davies	2003	Pays de Galles	1ère ligne	Avant	177	95	30.323
Evans	2003	Pays de Galles	Arrière	Arrière	180	82	25.309
Jones A.	2003	Pays de Galles	1ère ligne	Avant	182	121	36.529
Jones Da.	2003	Pays de Galles	Arrière	Arrière	190	105	29.086
Jones Du.	2003	Pays de Galles	1ère ligne	Avant	182	110	33.209
Jones M.	2003	Pays de Galles	Ailier	Arrière	187	83	23.735
Jones S.	2003	Pays de Galles	Demi	Arrière	185	89	26.004
Llewellyn	2003	Pays de Galles	2e ligne	Avant	198	112	28.569
McBryde	2003	Pays de Galles	1ère ligne	Avant	180	99	30.556
Owen	2003	Pays de Galles	3e ligne	Avant	195	111	29.191
Parker	2003	Pays de Galles	Centre	Arrière	182	103	31.095
Shanklin	2003	Pays de Galles	Centre	Arrière	187	95	27.167
Sidoli	2003	Pays de Galles	2e ligne	Avant	195	112	29.454
Sweeney	2003	Pays de Galles	Demi	Arrière	177	84	26.812
Taylor	2003	Pays de Galles	Centre	Arrière	186	87	25.147
Thomas G.	2003	Pays de Galles	Centre	Arrière	193	102	27.383
Thomas I.	2003	Pays de Galles	1ère ligne	Avant	185	109	31.848
Thomas J.	2003	Pays de Galles	3e ligne	Avant	195	105	27.613
Williams R.	2003	Pays de Galles	Ailier	Arrière	180	86	26.543
Williams S.	2003	Pays de Galles	Ailier	Arrière	170	77	26.644
Jenkins	2003	Pays de Galles	1ère ligne	Avant	187	117	33.458
Morgan	2003	Pays de Galles	Arrière	Arrière	177	80	25.535
Peel	2003	Pays de Galles	Demi	Arrière	175	76	24.816
Popham	2003	Pays de Galles	3e ligne	Avant	190	110	30.471
Harris	2003	Pays de Galles	Centre	Arrière	178	87	27.459
Williams M.	2003	Pays de Galles	3e ligne	Avant	185	97	28.342
Jones Ad.	2007	Pays de Galles	1ère ligne	Avant	183	129	38.520
Horsman	2007	Pays de Galles	1ère ligne	Avant	181	112	34.187
Jones D.	2007	Pays de Galles	1ère ligne	Avant	182	111	33.510
Jenkins	2007	Pays de Galles	1ère ligne	Avant	188	118	33.386
Rees	2007	Pays de Galles	1ère ligne	Avant	183	106	31.652
Charvis	2007	Pays de Galles	3e ligne	Avant	190	114	31.579
Popham	2007	Pays de Galles	3e ligne	Avant	188	110	31.123
Thomas R.	2007	Pays de Galles	1ère ligne	Avant	183	104	31.055
Jones Al.	2007	Pays de Galles	2e ligne	Avant	195	118	31.032
James W.	2007	Pays de Galles	2e ligne	Avant	199	122	30.807
Gough	2007	Pays de Galles	2e ligne	Avant	198	120	30.609
Parker	2007	Pays de Galles	Centre	Arrière	185	103	30.095
Owen	2007	Pays de Galles	3e ligne	Avant	196	115	29.935
Bennett	2007	Pays de Galles	1ère ligne	Avant	183	100	29.861
Williams M.	2007	Pays de Galles	3e ligne	Avant	185	101	29.511
Thomas G.	2007	Pays de Galles	Ailier	Arrière	188	103	29.142
Cooper	2007	Pays de Galles	Demi	Arrière	171	85	29.069
Thomas J.	2007	Pays de Galles	2e ligne	Avant	196	110	28.634
Phillips	2007	Pays de Galles	Demi	Arrière	191	104	28.508
Williams S.	2007	Pays de Galles	Ailier	Arrière	171	82	28.043
Shanklin	2007	Pays de Galles	Centre	Arrière	188	99	28.010
Jones	2007	Pays de Galles	Demi	Arrière	185	94	27.465
Sweeney	2007	Pays de Galles	Demi	Arrière	178	87	27.459
Robinson	2007	Pays de Galles	Ailier	Arrière	188	95	26.879
Hook	2007	Pays de Galles	Demi	Arrière	183	90	26.874
Morgan	2007	Pays de Galles	Arrière	Arrière	178	84	26.512
Peel	2007	Pays de Galles	Demi	Arrière	180	85	26.235
Evans	2007	Pays de Galles	2e ligne	Avant	203	108	26.208
Jones M.	2007	Pays de Galles	Ailier	Arrière	190	91	25.208
James D.	2007	Pays de Galles	Ailier	Arrière	191	91	24.944
Bennett	2011	Pays de Galles	1ère ligne	Avant	182	105	31.699
Bevington	2011	Pays de Galles	1ère ligne	Avant	182	109	32.907
Byrne	2011	Pays de Galles	Arrière	Arrière	189	96	26.875
Charteris	2011	Pays de Galles	2e ligne	Avant	204	129	30.998
Davies B.	2011	Pays de Galles	2e ligne	Avant	197	115	29.632
Faletau	2011	Pays de Galles	3e ligne	Avant	187	108	30.884
Halfpenny	2011	Pays de Galles	Ailier	Arrière	175	82	26.776
James	2011	Pays de Galles	1ère ligne	Avant	185	115	33.601
Knoyle	2011	Pays de Galles	Demi	Arrière	185	94	27.465
Lydiate	2011	Pays de Galles	3e ligne	Avant	192	113	30.653
North	2011	Pays de Galles	Ailier	Arrière	190	96	26.593
Owens	2011	Pays de Galles	1ère ligne	Avant	186	109	31.507
Priestland	2011	Pays de Galles	Demi	Arrière	185	95	27.757
Warburton	2011	Pays de Galles	3e ligne	Avant	187	99	28.311
Williams L.	2011	Pays de Galles	Demi	Arrière	182	86	25.963
Williams Sc.	2011	Pays de Galles	Centre	Arrière	185	99	28.926
Williams Sh.	2011	Pays de Galles	Ailier	Arrière	170	79	27.336
Brew	2011	Pays de Galles	Ailier	Arrière	185	100	29.218
Burns	2011	Pays de Galles	1ère ligne	Avant	182	106	32.001
Davies J.	2011	Pays de Galles	Centre	Arrière	185	103	30.095
Hook	2011	Pays de Galles	Demi	Arrière	182	92	27.774
Jones R.	2011	Pays de Galles	3e ligne	Avant	194	114	30.290
Jones S.	2011	Pays de Galles	Demi	Arrière	185	94	27.465
Mitchell	2011	Pays de Galles	1ère ligne	Avant	182	118	35.624
Phillips	2011	Pays de Galles	Demi	Arrière	189	100	27.995
Powell	2011	Pays de Galles	3e ligne	Avant	192	114	30.924
Roberts	2011	Pays de Galles	Centre	Arrière	192	105	28.483
Jones Al.	2011	Pays de Galles	2e ligne	Avant	194	118	31.353
Jenkins	2011	Pays de Galles	1ère ligne	Avant	186	118	34.108
Jones Ad.	2011	Pays de Galles	1ère ligne	Avant	182	125	37.737
Atonio	2015	France	1ère ligne	Avant	197	145	37.362
Ben Arous	2015	France	1ère ligne	Avant	184	109	32.195
Chouly	2015	France	3e ligne	Avant	192	109	29.568
Debaty	2015	France	1ère ligne	Avant	190	125	34.626
Dusautoir	2015	France	3e ligne	Avant	188	103	29.142
Flanquart	2015	France	2e ligne	Avant	204	120	28.835
Guirado	2015	France	1ère ligne	Avant	180	109	33.642
Kayser	2015	France	1ère ligne	Avant	183	108	32.249
Le Roux	2015	France	3e ligne	Avant	196	113	29.415
Maestri	2015	France	2e ligne	Avant	201	119	29.455
Mas	2015	France	1ère ligne	Avant	180	108	33.333
Nyanga	2015	France	3e ligne	Avant	188	103	29.142
Ouedraogo	2015	France	3e ligne	Avant	191	100	27.412
Pape	2015	France	2e ligne	Avant	195	118	31.032
Picamoles	2015	France	3e ligne	Avant	192	118	32.010
Slimani	2015	France	1ère ligne	Avant	178	112	35.349
Szarzewski	2015	France	1ère ligne	Avant	181	101	30.829
Bastareaud	2015	France	Centre	Arrière	183	125	37.326
Dulin	2015	France	Arrière	Arrière	176	82	26.472
Dumoulin	2015	France	Centre	Arrière	189	98	27.435
Fickou	2015	France	Centre	Arrière	190	99	27.424
Fofana	2015	France	Centre	Arrière	182	93	28.076
Guitoune	2015	France	Ailier	Arrière	184	94	27.765
Huget	2015	France	Ailier	Arrière	187	96	27.453
Kockott	2015	France	Demi	Arrière	180	89	27.469
Michalak	2015	France	Demi	Arrière	180	87	26.852
Nakaitaci	2015	France	Ailier	Arrière	190	97	26.870
Parra	2015	France	Demi	Arrière	180	83	25.617
Spedding	2015	France	Arrière	Arrière	186	100	28.905
Tales	2015	France	Demi	Arrière	186	93	26.882
Tillous-Borde	2015	France	Demi	Arrière	176	87	28.086
Aguero	2015	Italie	1ère ligne	Avant	184	106	31.309
Bergamasco	2015	Italie	3e ligne	Avant	185	104	30.387
Bernabo	2015	Italie	2e ligne	Avant	198	110	28.058
Castrogiovanni	2015	Italie	1ère ligne	Avant	188	117	33.103
Chistolini	2015	Italie	1ère ligne	Avant	180	109	33.642
Cittadini	2015	Italie	1ère ligne	Avant	190	120	33.241
Furno	2015	Italie	2e ligne	Avant	200	108	27.000
Fuser	2015	Italie	2e ligne	Avant	198	124	31.629
Geldenhuys	2015	Italie	2e ligne	Avant	203	118	28.635
Ghiraldini	2015	Italie	1ère ligne	Avant	184	103	30.423
Giazzon	2015	Italie	1ère ligne	Avant	180	106	32.716
Manici	2015	Italie	1ère ligne	Avant	183	103	30.756
Minto	2015	Italie	3e ligne	Avant	193	107	28.726
Parisse	2015	Italie	3e ligne	Avant	196	112	29.155
Rizzo	2015	Italie	1ère ligne	Avant	188	110	31.123
Vunisa	2015	Italie	3e ligne	Avant	189	117	32.754
Zanni	2015	Italie	3e ligne	Avant	188	107	30.274
Allan	2015	Italie	Demi	Arrière	184	87	25.697
Benvenuti	2015	Italie	Centre	Arrière	187	100	28.597
Campagnaro	2015	Italie	Centre	Arrière	184	91	26.879
Canna	2015	Italie	Demi	Arrière	185	90	26.297
Esposito	2015	Italie	Ailier	Arrière	187	94	26.881
Garcia	2015	Italie	Centre	Arrière	185	96	28.050
Gori	2015	Italie	Demi	Arrière	180	86	26.543
Masi	2015	Italie	Arrière	Arrière	183	99	29.562
McLean	2015	Italie	Arrière	Arrière	190	98	27.147
Morisi	2015	Italie	Centre	Arrière	183	99	29.562
Palazzani	2015	Italie	Demi	Arrière	173	83	27.732
Sarto	2015	Italie	Ailier	Arrière	192	93	25.228
Venditti	2015	Italie	Ailier	Arrière	187	110	31.456
Violi	2015	Italie	Demi	Arrière	176	83	26.795
Brookes	2015	Angleterre	1ère ligne	Avant	186	122	35.264
Cole	2015	Angleterre	1ère ligne	Avant	189	118	33.034
George	2015	Angleterre	1ère ligne	Avant	183	109	32.548
Haskell	2015	Angleterre	3e ligne	Avant	193	114	30.605
Kruis	2015	Angleterre	2e ligne	Avant	198	112	28.569
Launchbury	2015	Angleterre	2e ligne	Avant	198	115	29.334
Lawes	2015	Angleterre	2e ligne	Avant	201	115	28.465
Marler	2015	Angleterre	1ère ligne	Avant	183	113	33.742
Morgan	2015	Angleterre	3e ligne	Avant	190	116	32.133
Parling	2015	Angleterre	2e ligne	Avant	198	114	29.079
Robshaw	2015	Angleterre	3e ligne	Avant	188	110	31.123
Vunipola B.	2015	Angleterre	3e ligne	Avant	188	126	35.650
Vunipola M.	2015	Angleterre	1ère ligne	Avant	182	118	35.624
Webber	2015	Angleterre	1ère ligne	Avant	183	110	32.847
Wilson	2015	Angleterre	1ère ligne	Avant	188	122	34.518
Wood	2015	Angleterre	3e ligne	Avant	193	108	28.994
Youngs T.	2015	Angleterre	1ère ligne	Avant	175	102	33.306
Barritt	2015	Angleterre	Centre	Arrière	185	95	27.757
Brown	2015	Angleterre	Arrière	Arrière	183	92	27.472
Burgess	2015	Angleterre	Centre	Arrière	193	116	31.142
Care	2015	Angleterre	Demi	Arrière	175	85	27.755
Farrell	2015	Angleterre	Demi	Arrière	188	90	25.464
Ford	2015	Angleterre	Demi	Arrière	175	80	26.122
Goode	2015	Angleterre	Arrière	Arrière	180	91	28.086
Joseph	2015	Angleterre	Centre	Arrière	193	93	24.967
May	2015	Angleterre	Ailier	Arrière	189	90	25.195
Nowell	2015	Angleterre	Ailier	Arrière	180	89	27.469
Slade	2015	Angleterre	Centre	Arrière	190	90	24.931
Watson	2015	Angleterre	Ailier	Arrière	188	90	25.464
Wigglesworth	2015	Angleterre	Arrière	Arrière	176	86	27.763
Youngs B.	2015	Angleterre	Arrière	Arrière	178	87	27.459
Brown	2015	Ecosse	1ère ligne	Avant	183	103	30.756
Denton	2015	Ecosse	3e ligne	Avant	196	114	29.675
Dickinson	2015	Ecosse	1ère ligne	Avant	185	111	32.432
Ford	2015	Ecosse	1ère ligne	Avant	186	115	33.241
Gilchrist	2015	Ecosse	2e ligne	Avant	202	120	29.409
Grant	2015	Ecosse	1ère ligne	Avant	183	111	33.145
Gray J.	2015	Ecosse	2e ligne	Avant	198	119	30.354
Gray R.	2015	Ecosse	2e ligne	Avant	207	126	29.406
Hardie	2015	Ecosse	3e ligne	Avant	183	102	30.458
McInally	2015	Ecosse	1ère ligne	Avant	190	105	29.086
Nel	2015	Ecosse	1ère ligne	Avant	182	120	36.228
Reid	2015	Ecosse	1ère ligne	Avant	188	120	33.952
Strauss	2015	Ecosse	3e ligne	Avant	193	114	30.605
Strokosch	2015	Ecosse	3e ligne	Avant	191	109	29.879
Welsh	2015	Ecosse	1ère ligne	Avant	185	111	32.432
Wilson	2015	Ecosse	3e ligne	Avant	191	105	28.782
Swinson	2015	Ecosse	2e ligne	Avant	193	116	31.142
Bennett	2015	Ecosse	Centre	Arrière	183	89	26.576
Hidalgo-Clyne	2015	Ecosse	Demi	Arrière	175	87	28.408
Hogg	2015	Ecosse	Arrière	Arrière	180	93	28.704
Horne	2015	Ecosse	Centre	Arrière	183	92	27.472
Laidlaw	2015	Ecosse	Demi	Arrière	176	80	25.826
Lamont	2015	Ecosse	Ailier	Arrière	188	105	29.708
Maitland	2015	Ecosse	Ailier	Arrière	188	98	27.727
Pyrgos	2015	Ecosse	Demi	Arrière	178	80	25.249
Russell	2015	Ecosse	Demi	Arrière	182	87	26.265
Scott	2015	Ecosse	Centre	Arrière	186	101	29.194
Seymour	2015	Ecosse	Ailier	Arrière	183	95	28.368
Vernon	2015	Ecosse	Centre	Arrière	195	102	26.824
Visser	2015	Ecosse	Ailier	Arrière	196	109	28.374
Weir	2015	Ecosse	Demi	Arrière	176	90	29.055
Best	2015	Irlande	1ère ligne	Avant	180	110	33.951
Cronin	2015	Irlande	1ère ligne	Avant	180	101	31.173
Furlong	2015	Irlande	1ère ligne	Avant	185	119	34.770
Healy	2015	Irlande	1ère ligne	Avant	185	112	32.725
Heaslip	2015	Irlande	3e ligne	Avant	193	110	29.531
Henderson	2015	Irlande	2e ligne	Avant	198	114	29.079
Henry	2015	Irlande	3e ligne	Avant	191	107	29.330
McGrath	2015	Irlande	1ère ligne	Avant	185	118	34.478
Murphy	2015	Irlande	3e ligne	Avant	188	108	30.557
O'Brien	2015	Irlande	3e ligne	Avant	188	108	30.557
O'Connell	2015	Irlande	2e ligne	Avant	198	112	28.569
O'Mahony	2015	Irlande	3e ligne	Avant	191	107	29.330
Ross	2015	Irlande	1ère ligne	Avant	188	127	35.933
Ryan	2015	Irlande	2e ligne	Avant	201	116	28.712
Strauss	2015	Irlande	1ère ligne	Avant	175	101	32.980
Toner	2015	Irlande	2e ligne	Avant	208	124	28.661
White	2015	Irlande	1ère ligne	Avant	188	122	34.518
Bowe	2015	Irlande	Ailier	Arrière	190	96	26.593
Cave	2015	Irlande	Centre	Arrière	183	93	27.770
Earls	2015	Irlande	Ailier	Arrière	178	92	29.037
Fitzgerald	2015	Irlande	Ailier	Arrière	185	91	26.589
Henshaw	2015	Irlande	Centre	Arrière	191	100	27.412
Jackson	2015	Irlande	Demi	Arrière	180	80	24.691
Kearney D.	2015	Irlande	Ailier	Arrière	180	91	28.086
Kearney R.	2015	Irlande	Arrière	Arrière	185	95	27.757
Madigan	2015	Irlande	Demi	Arrière	180	90	27.778
Murray	2015	Irlande	Demi	Arrière	188	94	26.596
Payne	2015	Irlande	Centre	Arrière	188	95	26.879
Reddan	2015	Irlande	Demi	Arrière	178	83	26.196
Sexton	2015	Irlande	Demi	Arrière	188	92	26.030
Zebo	2015	Irlande	Ailier	Arrière	188	94	26.596
Baldwin	2015	Pays de Galles	1ère ligne	Avant	190	115	31.856
Ball	2015	Pays de Galles	2e ligne	Avant	200	122	30.500
Charteris	2015	Pays de Galles	2e ligne	Avant	206	125	29.456
Davies B.	2015	Pays de Galles	2e ligne	Avant	198	122	31.119
Day	2015	Pays de Galles	2e ligne	Avant	196	116	30.196
Faletau	2015	Pays de Galles	3e ligne	Avant	189	113	31.634
Francis	2015	Pays de Galles	1ère ligne	Avant	189	130	36.393
James	2015	Pays de Galles	1ère ligne	Avant	186	116	33.530
Jarvis	2015	Pays de Galles	1ère ligne	Avant	183	116	34.638
Jenkins	2015	Pays de Galles	1ère ligne	Avant	188	117	33.103
Jones	2015	Pays de Galles	2e ligne	Avant	196	125	32.539
Warburton	2015	Pays de Galles	3e ligne	Avant	188	103	29.142
King	2015	Pays de Galles	3e ligne	Avant	193	108	28.994
Lee	2015	Pays de Galles	1ère ligne	Avant	192	107	29.026
Lydiate	2015	Pays de Galles	3e ligne	Avant	193	115	30.873
Owens	2015	Pays de Galles	1ère ligne	Avant	184	108	31.900
Tipuric	2015	Pays de Galles	3e ligne	Avant	186	101	29.194
Allen	2015	Pays de Galles	Centre	Arrière	193	99	26.578
Amos	2015	Pays de Galles	Ailier	Arrière	180	98	30.247
Biggar	2015	Pays de Galles	Demi	Arrière	185	94	27.465
Cuthbert	2015	Pays de Galles	Ailier	Arrière	198	103	26.273
Davies G.	2015	Pays de Galles	Demi	Arrière	178	90	28.406
Morgan	2015	Pays de Galles	Arrière	Arrière	173	77	25.728
North	2015	Pays de Galles	Ailier	Arrière	192	107	29.026
Priestland	2015	Pays de Galles	Demi	Arrière	182	90	27.171
Roberts	2015	Pays de Galles	Centre	Arrière	193	110	29.531
Williams Li.	2015	Pays de Galles	Arrière	Arrière	188	87	24.615
Williams Ll.	2015	Pays de Galles	Demi	Arrière	183	89	26.576
Williams S.	2015	Pays de Galles	Centre	Arrière	185	100	29.218
Phillips	2015	Pays de Galles	Demi	Arrière	191	102	27.960
Walker	2015	Pays de Galles	Ailier	Arrière	184	91	26.879
Alemanno	2015	Argentine	2e ligne	Avant	198	112	28.569
Ayerza	2015	Argentine	1ère ligne	Avant	186	113	32.663
Creevy	2015	Argentine	1ère ligne	Avant	182	106	32.001
Orlandi	2015	Argentine	1ère ligne	Avant	190	119	32.964
Fernandez Lobbe	2015	Argentine	3e ligne	Avant	191	106	29.056
Galarza	2015	Argentine	2e ligne	Avant	203	115	27.907
Herrera	2015	Argentine	1ère ligne	Avant	191	130	35.635
Isa	2015	Argentine	3e ligne	Avant	188	103	29.142
Lavanini	2015	Argentine	2e ligne	Avant	200	118	29.500
Leguizamon	2015	Argentine	3e ligne	Avant	190	104	28.809
Matera	2015	Argentine	3e ligne	Avant	193	99	26.578
Montoya	2015	Argentine	1ère ligne	Avant	183	110	32.847
Noguera	2015	Argentine	1ère ligne	Avant	179	107	33.395
Desio	2015	Argentine	3e ligne	Avant	193	104	27.920
Pagadizabal	2015	Argentine	2e ligne	Avant	193	104	27.920
Senatore	2015	Argentine	3e ligne	Avant	191	106	29.056
Chaparro	2015	Argentine	1ère ligne	Avant	188	121	34.235
Agulla	2015	Argentine	Ailier	Arrière	181	90	27.472
Bosch	2015	Argentine	Centre	Arrière	186	92	26.593
Cordero	2015	Argentine	Ailier	Arrière	176	79	25.504
Cubelli	2015	Argentine	Demi	Arrière	175	79	25.796
De la Fuente	2015	Argentine	Centre	Arrière	183	93	27.770
Gonzalez Amorosino	2015	Argentine	Ailier	Arrière	185	93	27.173
Gonzalez Iglesias	2015	Argentine	Centre	Arrière	178	89	28.090
Hernandez	2015	Argentine	Demi	Arrière	187	94	26.881
Imhoff	2015	Argentine	Ailier	Arrière	185	90	26.297
Landajo	2015	Argentine	Demi	Arrière	171	81	27.701
Moroni	2015	Argentine	Centre	Arrière	184	85	25.106
Sanchez	2015	Argentine	Demi	Arrière	177	83	26.493
Socino	2015	Argentine	Centre	Arrière	174	98	32.369
Tuculet	2015	Argentine	Arrière	Arrière	184	86	25.402
Moore	2015	Australie	1ère ligne	Avant	186	112	32.374
Polota-Nau	2015	Australie	1ère ligne	Avant	181	114	34.797
Sio	2015	Australie	1ère ligne	Avant	187	115	32.886
Slipper	2015	Australie	1ère ligne	Avant	186	117	33.819
Holmes	2015	Australie	1ère ligne	Avant	187	114	32.600
Kepu	2015	Australie	1ère ligne	Avant	188	118	33.386
Simmons	2015	Australie	2e ligne	Avant	200	115	28.750
Skelton	2015	Australie	2e ligne	Avant	203	140	33.973
Mumm	2015	Australie	2e ligne	Avant	196	109	28.374
Palu	2015	Australie	3e ligne	Avant	194	115	30.556
McCalman	2015	Australie	3e ligne	Avant	192	106	28.754
Fardy	2015	Australie	3e ligne	Avant	198	114	29.079
Hooper	2015	Australie	3e ligne	Avant	182	101	30.491
Pocock	2015	Australie	3e ligne	Avant	187	115	32.886
Smith	2015	Australie	1ère ligne	Avant	190	116	32.133
Douglas	2015	Australie	2e ligne	Avant	202	123	30.144
McMahon	2015	Australie	3e ligne	Avant	186	100	28.905
Genia	2015	Australie	Demi	Arrière	174	82	27.084
Phipps	2015	Australie	Demi	Arrière	180	87	26.852
Foley	2015	Australie	Demi	Arrière	182	89	26.869
Toomua	2015	Australie	Centre	Arrière	182	90	27.171
Cooper	2015	Australie	Demi	Arrière	186	92	26.593
Folau	2015	Australie	Arrière	Arrière	193	103	27.652
Beale	2015	Australie	Demi	Arrière	184	92	27.174
Kuridrani	2015	Australie	Centre	Arrière	192	102	27.669
Giteau	2015	Australie	Demi	Arrière	178	84	26.512
Mitchell	2015	Australie	Ailier	Arrière	182	92	27.774
Ashley-Cooper	2015	Australie	Centre	Arrière	182	98	29.586
Horne	2015	Australie	Ailier	Arrière	186	93	26.882
Tomane	2015	Australie	Ailier	Arrière	188	101	28.576
Speight	2015	Australie	Ailier	Arrière	186	97	28.038
Mealamu	2015	Nouvelle-Zélande	1ère ligne	Avant	181	109	33.271
Taylor	2015	Nouvelle-Zélande	1ère ligne	Avant	183	106	31.652
Coles	2015	Nouvelle-Zélande	1ère ligne	Avant	184	110	32.491
Woodcock	2015	Nouvelle-Zélande	1ère ligne	Avant	184	120	35.444
Crockett	2015	Nouvelle-Zélande	1ère ligne	Avant	193	116	31.142
Franks O.	2015	Nouvelle-Zélande	1ère ligne	Avant	185	118	34.478
Franks B.	2015	Nouvelle-Zélande	1ère ligne	Avant	183	117	34.937
Whitelock	2015	Nouvelle-Zélande	2e ligne	Avant	202	116	28.429
Retallick	2015	Nouvelle-Zélande	2e ligne	Avant	204	120	28.835
Romano	2015	Nouvelle-Zélande	2e ligne	Avant	199	113	28.535
McCaw	2015	Nouvelle-Zélande	3e ligne	Avant	187	105	30.027
Kaino	2015	Nouvelle-Zélande	3e ligne	Avant	196	110	28.634
Messam	2015	Nouvelle-Zélande	3e ligne	Avant	190	109	30.194
Read	2015	Nouvelle-Zélande	3e ligne	Avant	193	110	29.531
Vito	2015	Nouvelle-Zélande	3e ligne	Avant	192	109	29.568
Cane	2015	Nouvelle-Zélande	3e ligne	Avant	189	105	29.394
Faumuina	2015	Nouvelle-Zélande	1ère ligne	Avant	184	128	37.807
Smith A.	2015	Nouvelle-Zélande	Demi	Arrière	171	82	28.043
Perenara	2015	Nouvelle-Zélande	Demi	Arrière	183	94	28.069
Carter	2015	Nouvelle-Zélande	Demi	Arrière	178	96	30.299
Slade	2015	Nouvelle-Zélande	Demi	Arrière	183	90	26.874
Barrett	2015	Nouvelle-Zélande	Demi	Arrière	187	91	26.023
Williams	2015	Nouvelle-Zélande	Centre	Arrière	191	108	29.604
Nonu	2015	Nouvelle-Zélande	Centre	Arrière	182	108	32.605
Fekitoa	2015	Nouvelle-Zélande	Centre	Arrière	187	99	28.311
Smith C.	2015	Nouvelle-Zélande	Centre	Arrière	186	95	27.460
Naholo	2015	Nouvelle-Zélande	Ailier	Arrière	186	102	29.483
Smith B.	2015	Nouvelle-Zélande	Ailier	Arrière	186	94	27.171
Savea	2015	Nouvelle-Zélande	Ailier	Arrière	192	106	28.754
Milner-Skudder	2015	Nouvelle-Zélande	Ailier	Arrière	182	90	27.171
Kerr-Barlow	2015	Nouvelle-Zélande	Demi	Arrière	187	89	25.451
Du Plessis B.	2015	Afrique du Sud	1ère ligne	Avant	190	115	31.856
Strauss	2015	Afrique du Sud	1ère ligne	Avant	184	112	33.081
Brits	2015	Afrique du Sud	1ère ligne	Avant	182	100	30.190
Nyakane	2015	Afrique du Sud	1ère ligne	Avant	178	120	37.874
Malherbe	2015	Afrique du Sud	1ère ligne	Avant	190	123	34.072
Du Plessis J.	2015	Afrique du Sud	1ère ligne	Avant	187	123	35.174
Mtawarira	2015	Afrique du Sud	1ère ligne	Avant	183	116	34.638
Matfield	2015	Afrique du Sud	2e ligne	Avant	201	110	27.227
Etzebeth	2015	Afrique du Sud	2e ligne	Avant	203	117	28.392
Du Toit	2015	Afrique du Sud	2e ligne	Avant	200	115	28.750
De Jager	2015	Afrique du Sud	2e ligne	Avant	205	125	29.744
Burger	2015	Afrique du Sud	3e ligne	Avant	193	110	29.531
Louw	2015	Afrique du Sud	3e ligne	Avant	190	114	31.579
Kolisi	2015	Afrique du Sud	3e ligne	Avant	186	99	28.616
Alberts	2015	Afrique du Sud	3e ligne	Avant	192	120	32.552
Oosthuizen	2015	Afrique du Sud	1ère ligne	Avant	187	126	36.032
Vermeulen	2015	Afrique du Sud	3e ligne	Avant	193	108	28.994
Pienaar	2015	Afrique du Sud	Demi	Arrière	186	92	26.593
Lambie	2015	Afrique du Sud	Demi	Arrière	177	89	28.408
Pollard	2015	Afrique du Sud	Demi	Arrière	189	98	27.435
Kirchner	2015	Afrique du Sud	Arrière	Arrière	184	92	27.174
Le Roux	2015	Afrique du Sud	Arrière	Arrière	186	90	26.015
Kriel	2015	Afrique du Sud	Centre	Arrière	186	96	27.749
De Allende	2015	Afrique du Sud	Centre	Arrière	189	109	30.514
De Villiers	2015	Afrique du Sud	Centre	Arrière	190	100	27.701
Mvovo	2015	Afrique du Sud	Ailier	Arrière	181	93	28.387
Habana	2015	Afrique du Sud	Ailier	Arrière	179	94	29.337
Pietersen	2015	Afrique du Sud	Ailier	Arrière	191	102	27.960
Du Preez	2015	Afrique du Sud	Demi	Arrière	183	88	26.277
Paige	2015	Afrique du Sud	Demi	Arrière	169	77	26.960
Steyn	2015	Afrique du Sud	Demi	Arrière	186	91	26.304
