Column 1,Column 2,Column 3,Column 4,Column 5,Column 6
#14 RECORDS ,ANASTASIA ,AQUA TOFANA ,CD ,2000.0,17/09/15
2ZR ,CARIBBEAN DANDEE ,CARIBBEAN DANCE ,CD ,20000.0,05/11/15
6 MILLIARDS DE FETARDS ,TOURNEE GENERALE ,10 ANS ET TOUTES NOS DENTS ,Formation ,1500.0,16/12/15
A BRULE POURPOINT ,SAGES COMME DES SAUVAGES ,LARGUE LA PEAU ,SALLE ,1200.0,24/08/15
ABSILONE TECHNOLOGIES ,JEREMY JOUVE ,JEREMY JOUVES PLAYS DUPLESSY ,SALLE ,1920.0,15/04/15
ABSOLUTE MANAGEMENT ,PEREZ ,APOCALYPSE ,VM ,3000.0,05/11/15
ABSOLUTE MANAGEMENT ,PEREZ ,LES VACANCES CONTINUENT ,VM ,4000.0,10/02/15
ABUZIVE MUSIK ,SUBVENTION 2014 ,,MUZICENTER ,340.0,16/02/15
ACM / AIDE A LA CREATION MUSICALE ,CHRISTIAN BRAZIER QUARTET ,SEPTIEME VAGUE ,SALLE ,800.0,18/11/15
ACTIVIST MUSIC ,L HOMME PARLE ,TELEGENIQUE ,VM ,1000.0,02/04/15
ACTIVIST MUSIC ,L HOMME PARLE ,VAGABOND ,VM ,1500.0,17/09/15
ACTIVIST MUSIC ,L HOMME PARLE ,LE JOUR VIENDRA ,VM ,1500.0,17/09/15
ACTIVIST MUSIC ,SOLA ,LES VOIES DU HASARD ,VM ,1000.0,17/09/15
ADONE ,DEUX ,PHOTO NON CONTRACTUELLE ,PM ,2000.0,05/11/15
ADONE ,DEUX ,PHOTO NON CONTRACTUELLE ,SALLE ,1600.0,18/11/15
ADONE ,DEUX ,LES FILS CACHES DE JEAN-PAUL ,TS ,2000.0,05/11/15
ADONE ,LES FATALS PICARDS ,LES FATALS PICARDS TOURNEE 2015 ,TS ,4000.0,28/05/15
AIR RYTMO ,MORIARTY ,REVERSE (ANGER) ,VM ,5000.0,09/07/15
AIR RYTMO ,MORIARTY ,HISTORY OF VIOLENCE ,VM ,5000.0,17/09/15
AKS RECORDS ,GANDHI ,KILLING EACH OTHER ,VM ,1000.0,17/12/15
ALMA MUSIQUES ,ANTONIO PLACER ,MI PAIS SE HUNDE ,SALLE ,1200.0,01/09/15
ALPHALLIANCE ,ALPHA BLONDY ,POSITIVE ENERGY ,SALLE ,6160.0,04/06/15
AME SON ,ENSEMBLE PUGNANI / EMMANUEL CURIAL ,SONATES A VIOLON SEUL ET BASSE CONTINUE ,CD ,3000.0,10/02/15
ANOUCHE PRODUCTIONS ,GRAND CORPS MALADE ,IL NOUS RESTERA CA ,CD ,25000.0,17/09/15
ANTEPRIMA PRODUCTIONS ,MANU KATCHE ,UNSTATIC ,CD ,5000.0,17/09/15
ARCAPROD ,COLLECTIF METISSE ,RENDEZ VOUS AU SOLEIL ,VM ,5000.0,09/07/15
ARCAPROD ,COLLECTIF METISSE ,C EST PAS COMPLIQUE ,VM ,8000.0,17/12/15
AS CORPUS ,YETI LANE ,PSYCHIC HAZE ,CD ,2000.0,17/09/15
AS CORPUS ,YETI LANE ,L’AURORE ,VM ,3000.0,05/11/15
ASIL - BANZAI LAB ,SMOKEY JOE AND THE KID ,RUNNING TO THE MOON ,CD ,1000.0,17/12/15
ASSOCIATION NO FRIDGE ,CLICK HERE ,BALKANDALUCIA ,SALLE ,1600.0,26/02/15
ASSOCIATION PRESQUE OUI ,PRESQUE OUI ,DE TOUTE EVIDENCE ,CD ,3000.0,02/04/15
ASSOCIATION SOFIA LABEL ,LILI CROS ET THIERRY CHAZELLE ,PEAU NEUVE ,CD ,2000.0,05/11/15
AT(H)OME ,ARMAN MELIES ,VERTIGONE ,CD ,7000.0,28/05/15
AT(H)OME ,CLARIKA ,ALBUM N°7 (tbc) ,CD ,15000.0,28/05/15
AT(H)OME ,HILDEBRANDT ,ALBUM 1 ,CD ,10000.0,05/11/15
AT(H)OME ,LA MAISON TELLIER ,AVALANCHES ,CD ,15000.0,09/07/15
AT(H)OME ,LENINE RENAUD ,"6, RUE BRÛLE MAISON ",CD ,7000.0,02/04/15
AT(H)OME ,MAZARIN ,LA CROISEE DES CHEMINS ,CD ,9000.0,09/07/15
AT(H)OME ,THE HYENES ,AU VENT MAUVAIS ,CD ,5000.0,02/04/15
AT(H)OME ,ROBI ,LA CAVALE ,Formation ,1650.0,03/07/15
AT(H)OME ,BLANKASS ,EN PANORAMA EP ,PM ,7000.0,28/05/15
AT(H)OME ,LOFOFORA ,L’EPREUVE DU CONTRAIRE ,PM ,10000.0,28/05/15
AT(H)OME ,ROBI ,LA CAVALE ,PM ,6000.0,05/11/15
AT(H)OME ,LENINE RENAUD ,"6, RUE BRULE MAISON ",SALLE ,2240.0,27/04/15
AT(H)OME ,LES TIT NASSELS ,SOYONS FOUS ! EN CONCERT ,TS ,3000.0,02/04/15
AT(H)OME ,ARMAN MELIES ,CONSTAMMENT JE BRULE ,VM ,2000.0,17/12/15
AT(H)OME ,ROBI ,NUIT DE FETE ,VM ,5000.0,02/04/15
ATMO PROD ,MALO ,EP (TBC) ,CD ,12000.0,10/02/15
ATMO PROD ,AS ANIMALS ,AS ANIMALS ,Formation ,1650.0,19/01/15
ATMO PROD ,SUBVENTION 2014 ,,MUZICENTER ,2765.02,16/02/15
ATMO PROD ,CHARLIE WINSON ,CURIO CITY ,PM ,35000.0,28/05/15
ATMO PROD ,MAYA KAMATY ,SANTIE PAPANG ,PM ,10000.0,09/07/15
ATMO PROD ,SET & MATCH ,COSY BANG BANG ,PM ,20000.0,17/09/15
ATMO PROD ,SET & MATCH ,COSY BANG BANG ,SALLE ,1760.0,20/02/15
ATMO PROD ,MALO ,PREMIERE PARTIE CHARLIE WINSTON/CALI ,TS ,5000.0,02/04/15
ATMO PROD ,SET & MATCH ,FALLAIT PAS M INVITER ,VM ,7000.0,10/02/15
B RECORDS ,BRIGITTE ,A BOUCHE QUE VEUX TU CLASSIQUE REEDITION ,CD ,7000.0,05/11/15
B RECORDS ,BRIGITTE ,J’SAIS PAS ,VM ,5000.0,02/04/15
B RECORDS ,BRIGITTE ,HIER ENCORE ,VM ,8000.0,28/05/15
BACCHANALES PRODUCTIONS ,MANU GALURE ,QUE DE LA PLUIE ,SALLE ,2240.0,02/02/15
BACO RECORDS ,PHASES CACHEES ,2 TEMPS 3 MOUVEMENTS ,CD ,2000.0,10/02/15
BACO RECORDS ,DANAKIL ,ENTRE LES LIGNES ,PM ,8000.0,10/02/15
BACO RECORDS ,BRAHIM ,DECONNECTE ,SALLE ,1800.0,10/04/15
BACO RECORDS ,PHASES CACHEES ,2 TEMPS 3 MOUVEMENTS ,SALLE ,1800.0,10/04/15
BACO RECORDS ,PHASES CACHEES ,2 TEMPS 3 MOUVEMENTS ,TS ,2000.0,10/02/15
BANCO MUSIC ,ZOUFRIS MARACAS ,ET SI DEMAIN ,VM ,4000.0,10/02/15
BECAUSE MUSIC ,ADICT ,A. D. I. C. T ,CD ,24000.0,02/04/15
BECAUSE MUSIC ,CHRISTINE AND THE QUEENS ,CHALEUR HUMAINE (REEDITION COLLECTOR) ,CD ,10000.0,05/11/15
BECAUSE MUSIC ,MINUIT ,MINUIT EP (tbc) ,CD ,12000.0,02/04/15
BECAUSE MUSIC ,LIL COMTESS ,COMTESS ,Formation ,1650.0,19/11/15
BECAUSE MUSIC ,SUBVENTION 2014 ,,MUZICENTER ,6477.0,16/02/15
BECAUSE MUSIC ,ADICT ,A.D.I.C.T ,PM ,20000.0,28/05/15
BECAUSE MUSIC ,BLACKO ,DUALITE (anciennement LE TEMPS EST COMPTE) ,PM ,23000.0,02/04/15
BECAUSE MUSIC ,DJANGO DJANGO ,BORN UNDER SATURN ,PM ,25000.0,05/11/15
BECAUSE MUSIC ,GHOST CULTURE ,GHOST CULTURE ,PM ,10000.0,28/05/15
BECAUSE MUSIC ,H BURNS ,NIGHT MOVES ,PM ,8000.0,28/05/15
BECAUSE MUSIC ,LAZA MORGAN ,ONE BY ONE ,PM ,15000.0,28/05/15
BECAUSE MUSIC ,MAJOR LAZER ,PEACE IS THE MISSION ,PM ,31000.0,17/12/15
BECAUSE MUSIC ,NOR ,A CŒUR OUVERT ,PM ,20000.0,02/04/15
BECAUSE MUSIC ,PLASTICINES ,BACK TO THE START ,PM ,15000.0,28/05/15
BECAUSE MUSIC ,SELAH SUE ,REASON ,PM ,35000.0,28/05/15
BECAUSE MUSIC ,SOKO ,MY DREAMS DICTATE MY REALITY ,PM ,20000.0,28/05/15
BECAUSE MUSIC ,BLACKO ,LE TEMPS EST COMPTE ,SALLE ,1920.0,10/03/15
BECAUSE MUSIC ,DENAI MOORE ,ELSEWHERE ,SALLE ,1600.0,03/03/15
BECAUSE MUSIC ,GHOST CULTURE ,GHOST CULTURE ,SALLE ,1920.0,09/02/15
BECAUSE MUSIC ,MINUIT ,MINUIT EP ,SALLE ,1600.0,24/08/15
BECAUSE MUSIC ,THE LIMINANAS ,COSTA BLANCA ,SALLE ,1920.0,10/04/15
BECAUSE MUSIC ,BLACKO ,LE TEMPS EST COMPTE ,TS ,8000.0,10/02/15
BECAUSE MUSIC ,DJANGO DJANGO ,BORN UNDER SATURN ,TS ,15000.0,09/07/15
BECAUSE MUSIC ,GHOST CULTURE ,GHOST CULTURE ,TS ,15000.0,28/05/15
BECAUSE MUSIC ,JO DAHAN ,QUE C’EST BEAU ,TS ,4000.0,02/04/15
BECAUSE MUSIC ,MINUIT ,MINUIT ,TS ,10000.0,17/09/15
BECAUSE MUSIC ,SELAH SUE ,REASON ,TS ,20000.0,28/05/15
BECAUSE MUSIC ,BLACKO ,LE MUR DU SILENCE ,VM ,6000.0,17/09/15
BECAUSE MUSIC ,BLACKO ,EQUILIBRE ,VM ,6000.0,17/09/15
BECAUSE MUSIC ,CERRONE ,SUPERNATURE ,VM ,8000.0,02/04/15
BECAUSE MUSIC ,CHRISTINE AND THE QUEENS ,IT ,VM ,5000.0,17/09/15
BECAUSE MUSIC ,CHRISTINE AND THE QUEENS ,NUIT 17 A 52 NOUVELLE VERSION ,VM ,15000.0,05/11/15
BECAUSE MUSIC ,CHRISTINE AND THE QUEENS ,PARADIS PERDUS ,VM ,18000.0,02/04/15
BECAUSE MUSIC ,CHRISTINE AND THE QUEENS ,NO HARM IS DONE ,VM ,25000.0,17/09/15
BECAUSE MUSIC ,DJANGO DJANGO ,REFLECTIONS ,VM ,8000.0,28/05/15
BECAUSE MUSIC ,DJANGO DJANGO ,SHAKE AND TREMBLE ,VM ,9000.0,28/05/15
BECAUSE MUSIC ,JO DAHAN ,QUE C’EST BEAU ,VM ,5000.0,02/04/15
BECAUSE MUSIC ,MAJOR LAZER ,NIGHT RIDERS ,VM ,20000.0,28/05/15
BECAUSE MUSIC ,MINUIT ,CAFEINE ,VM ,8000.0,09/07/15
BECAUSE MUSIC ,MINUIT ,FLASH ,VM ,9000.0,17/09/15
BECAUSE MUSIC ,NICOLAS GODIN ,ORCA ,VM ,5000.0,09/07/15
BECAUSE MUSIC ,NICOLAS GODIN ,WINDERSTHE DOOR DER SUNDE ,VM ,25000.0,09/07/15
BECAUSE MUSIC ,SELAH SUE ,WON T GO FOR MORE ,VM ,7000.0,09/07/15
BECAUSE MUSIC ,SELAH SUE ,REASON ,VM ,20000.0,10/02/15
BEGGARS BANQUET GROUP LIMITED ,SUBVENTION 2014 ,,MUZICENTER ,222.5,16/02/15
BEGGARS BANQUET GROUP LIMITED ,IBEYI ,IBEYI ,PM ,15000.0,09/07/15
BEGGARS BANQUET GROUP LIMITED ,JUNGLE ,JUNGLE ,PM ,10000.0,09/07/15
BEGGARS BANQUET GROUP LIMITED ,IBEYI ,GHOSTS ,VM ,5000.0,02/04/15
BEHIND ,BENJAMIN CLEMENTINE ,LONDON ,VM ,3000.0,09/07/15
BELIEVE ,SARAH RIANI ,DARK EN CIEL ,CD ,15000.0,10/02/15
BELIEVE ,SETH GUEKO ,PROFESSEUR PUNCHLINE ,CD ,15000.0,05/11/15
BELIEVE ,SNEAZZY ,SUPER ,CD ,30000.0,02/04/15
BELIEVE ,CAMP CLAUDE ,TBC ,Formation ,1650.0,19/11/15
BELIEVE ,SUBVENTION 2014 ,,MUZICENTER ,1750.0,16/02/15
BELIEVE ,BJORK ,VULNICURA ,PM ,20000.0,05/11/15
BELIEVE ,CHARLES PASI ,SOMETIMES AWAKE ,PM ,10000.0,17/09/15
BELIEVE ,FYFE ,CONTROL ,PM ,7000.0,05/11/15
BELIEVE ,L ENTOURAGE ,JEUNES ENTREPRENEURS ,PM ,12000.0,02/04/15
BELIEVE ,MINA TINDLE ,PARADES ,PM ,12000.0,09/07/15
BELIEVE ,SNEAZZY ,SUPER ,PM ,10000.0,17/12/15
BELIEVE ,CAMP CLAUDE ,HURRICANES ,SALLE ,1760.0,06/03/15
BELIEVE ,S PRI NOIR ,LE MONDE NE SUFFIT PAS ,SALLE ,1920.0,03/06/15
BELIEVE ,ALELA DIANE ET RYAN FRANCESCONI ,SHAPELESS ,VM ,3000.0,17/09/15
BELIEVE ,AMINE ,SENORITA ,VM ,7000.0,28/05/15
BELIEVE ,AMINE ,TU VERRAS ,VM ,8000.0,17/09/15
BELIEVE ,ARIEL & MISTER V ,SELFISH ,VM ,4000.0,10/02/15
BELIEVE ,FYFE ,SOLACE ,VM ,5000.0,10/02/15
BELIEVE ,GRAND CORPS MALADE ,L’HEURE DES POETES ,VM ,9000.0,17/09/15
BELIEVE ,GRAND CORPS MALADE ,POCAHONTAS ,VM ,9000.0,05/11/15
BELIEVE ,GRAND CORPS MALADE ,LE BOUT DU TUNNEL ,VM ,13000.0,10/02/15
BELIEVE ,JOHN MAMANN ,LALALA ,VM ,10000.0,28/05/15
BELIEVE ,LECK ,ON TIME ,VM ,7000.0,28/05/15
BELIEVE ,MINA TINDLE ,A SEVILLE ,VM ,5000.0,10/02/15
BELIEVE ,OFENBACH ,AROUND THE FIRE ,VM ,3000.0,09/07/15
BELIEVE ,S PRI NOIR ,KESTUPEUFAIRE ,VM ,3000.0,28/05/15
BELIEVE ,S. PRI NOIR ,MY LIFE ,VM ,4000.0,02/04/15
BELIEVE ,SARAH RIANI ,COMME TOI ,VM ,3000.0,28/05/15
BELIEVE ,SETH GUEKO ,VAL D’OSEILLE ,VM ,4000.0,17/09/15
BELIEVE ,SETH GUEKO ,TITI PARISIEN ,VM ,5000.0,05/11/15
BELIEVE ,SNEAZZY ,ENVIE D’ELLE ,VM ,6000.0,28/05/15
BELUGA PRODUCTIONS ET EDITIONS ,PRIVATE PEPPER ,LA FILLE EN RE ,VM ,1000.0,17/09/15
BELUGA PRODUCTIONS ET EDITIONS ,PRIVATE PEPPER ,SABADO SAMBA ,VM ,2000.0,28/05/15
BG CREA SCRI ,GRANDGEORGE ,SO FINE ,VM ,3000.0,09/07/15
BIRDS IN THE STORM ,AARON ,WE CUT THE NIGHT ,CD ,15000.0,28/05/15
BIRDS IN THE STORM ,AARON ,WE CUT THE NIGHT ,TS ,10000.0,28/05/15
BIRDS IN THE STORM ,AARON ,BLOUSON NOIR ,VM ,5000.0,09/07/15
BLUE LINE ORGANISATION ,HK ET LES SALTIMBANKS ,RALLUMEURS D ETOILES ,CD ,5000.0,02/04/15
BLUE LINE ORGANISATION ,KARIMOUCHE ,ACTION ,CD ,10000.0,10/02/15
BLUE LINE ORGANISATION ,CHLOE LACAN ,MENAGE A TROIS ,SALLE ,1520.0,04/11/15
BLUE LINE ORGANISATION ,HK ET LES SALTIMBANKS ,RALLUMEURS D’ETOILES ,SALLE ,6636.0,27/04/15
BLUE LINE ORGANISATION ,KARIMOUCHE ,ACTION ,SALLE ,2240.0,20/02/15
BLUE LINE ORGANISATION ,KARIMOUCHE ,ACTION ,VM ,2000.0,10/02/15
BRAN MUSIC ,CECILE CORBEL ,CECILE CORBEL SONGBOOK TOUR ,TS ,2000.0,28/05/15
BROUHAHA ,LIZZY LING ,WORKING DAY ,Formation ,1500.0,08/10/15
BUDDE MUSIC France ,SUBVENTION 2014 ,,MUZICENTER ,340.0,16/02/15
BUDDE MUSIC France ,THYLACINE ,MOUNTAINS ,VM ,2000.0,17/09/15
BULLDOG MUSIC ,EVA MARCHAL ,PROMISED LAND ,SALLE ,876.0,26/03/15
CASA VERDE PRODUCTIONS ,MARIANA RAMOS ,QUINTA ,PM ,3000.0,17/09/15
CASA VERDE PRODUCTIONS ,MARIANA RAMOS ,QUINTA ,SALLE ,1680.0,16/11/15
CASA VERDE PRODUCTIONS ,MARIANA RAMOS ,NADA E PERFITO ,VM ,1500.0,28/05/15
CASA VERDE PRODUCTIONS ,MARIANA RAMOS ,ESTRELA DA MARINHA ,VM ,1500.0,28/05/15
CATAVENTO ,AURELIE ET VERIOCA ,PAS A PAS ,CD ,2000.0,10/02/15
CATAVENTO ,AURELIE ET VERIOCA ,PAS A PAS ,SALLE ,1520.0,24/08/15
CH+ ,GADZBY ,MERCI PARIS ,CD ,5000.0,02/04/15
CHANDELLE PRODUCTIONS ,FRANCIS CABREL ,IN EXTREMIS ,CD ,40000.0,02/04/15
CHANDELLE PRODUCTIONS ,FRANCIS CABREL ,DUR COMME FER ,VM ,20000.0,17/09/15
CHAPA BLUES ,VICTOR DEME ,LP3 ,CD ,4000.0,17/09/15
CHINESE MAN RECORDS ,TAIWAN MC ,DISKODUB ,Formation ,1500.0,08/12/15
CHOKE INDUSTRY ,LILLY WOOD AND THE PRICK ,LP3 / SHADOWS ,CD ,40000.0,09/07/15
CHOKE INDUSTRY ,BURNING PEACOCKS ,BURNING PEACOCKS ,Formation ,1500.0,19/01/15
CHOKE INDUSTRY ,TESS ,LP1 ,Formation ,1650.0,03/06/15
CHOKE INDUSTRY ,ANA ZIMMER ,MONEY FEAT FINDING NOVYON ,VM ,4000.0,05/11/15
CHOKE INDUSTRY ,BURNING PEACOCKS ,AVRIL ,VM ,4000.0,10/02/15
CHOKE INDUSTRY ,LILLY WOOD AND THE PRICK ,I LOVE YOU ,VM ,17000.0,05/11/15
CIRCUS COMPANY SARL ,LES FILS DU CALVAIRE ,FILS DE ,CD ,2000.0,02/04/15
CIRCUS COMPANY SARL ,LES FILS DU CALVAIRE ,RESTER AVEC TOI  ,VM ,1500.0,17/09/15
COMPAGNIE ILLIMITEE ,TONY MELVIL ET USMAR ,QUAND JE SERAI PETIT ,SALLE ,1920.0,03/12/15
COMPAGNIE METAMORPHOSE ,ISABELLE OLIVIER ,DON’T WORRY BE HARPY VOLUME 2 ,CD ,2000.0,17/09/15
COMPAGNIE METAMORPHOSE ,ISABELLE OLIVIER ,DON’T WORRY BE HARPY ,SALLE ,1920.0,27/02/15
COOKING VINYL ,THE PRODIGY ,THE DAY IS MY ENEMY ,PM ,5000.0,09/07/15
COOKING VINYL ,CARL BARAT ,GLORY DAYS ,VM ,2000.0,10/02/15
COOKING VINYL ,THE PRODIGY ,NASTY ,VM ,6000.0,10/02/15
CRACKI RECORDS ,CAANDIDES ,20° 30’S 29° 20’W ,CD ,2000.0,28/05/15
CRACKI RECORDS ,MENAGE A TROIS ,AUSTRALIA PART II ,CD ,1000.0,17/09/15
CRAMMED DISCS ,AXEL KRYGIER ,HOMBRE DE PIEDRA ,CD ,3000.0,10/02/15
CRAMMED DISCS ,BERANGERE MAXIMIN ,DANGEROUS ORBITS ,CD ,2000.0,09/07/15
CRAMMED DISCS ,LE TON MITE ,"PASSE COMPOSE, FUTUR CONDITIONNEL ",CD ,3000.0,17/12/15
CRAMMED DISCS ,SKIP & DIE ,COSMIC SERPENTS ,CD ,4000.0,02/04/15
CRAMMED DISCS ,TARAF DE HAIDOUKS ,"OF LOVERS, GAMBLERS AND PARACHUTE SKIRTS ",SALLE ,1680.0,13/02/15
CRISTAL PRODUCTION ,LES HURLEMENTS D’LEO ,LES HURLEMENTS D’LEO CHANTENT MANO SOLO ,CD ,7000.0,10/02/15
CRISTAL PRODUCTION ,LISBET GULDBAEK ,THE BEAUTIFUL ,PM ,2000.0,02/04/15
CRISTAL PRODUCTION ,LES HURLEMENTS D’LEO ,LES HURLEMENTS D’LEO CHANTENT MANO SOLO ,SALLE ,4640.0,24/08/15
CRISTAL PRODUCTION ,LISBET GULDBAEK ,THE BEAUTIFUL ,SALLE ,1920.0,27/02/15
CRISTAL PRODUCTION ,LES HURLEMENTS D’LEO ,LES HURLEMENTS D’LEO CHANTENT MANO SOLO ,TS ,5000.0,17/09/15
DEAF ROCK ,ALPES ,STRESS INVADER ,CD ,2000.0,05/11/15
DEAF ROCK ,COLT SILVERS ,SWORDS ,CD ,5000.0,02/04/15
DEAF ROCK ,COLT SILVERS ,SWORDS ,PM ,5000.0,17/12/15
DEAF ROCK ,1984,TORPOR ,VM ,1000.0,28/05/15
DEAF ROCK ,COLT SILVERS ,YOURS ,VM ,1500.0,17/09/15
DEBOUT SUR LE ZINC ,DEBOUT SUR LE ZINC ,ELDORADO(S) ,CD ,4000.0,09/07/15
DEBOUT SUR LE ZINC ,DEBOUT SUR LE ZINC ,EL DORADO ,TS ,5000.0,17/12/15
DEBOUT SUR LE ZINC ,DEBOUT SUR LE ZINC ,J’AI VU LA LUMIERE ,VM ,3000.0,17/12/15
DERNIERE BANDE MUSIC ,RODOLPHE BURGER ,PLAY KAT ONOMA ,SALLE ,4960.0,10/03/15
DERRIERE LES PLANCHES ,OXMO PUCCINO ,LA VOIX LACTE ,CD ,17000.0,17/09/15
DERRIERE LES PLANCHES ,OXMO PUCCINO ,SLOW LIFE ,VM ,4000.0,05/11/15
DERRIERE LES PLANCHES ,OXMO PUCCINO ,UNE CHANCE ,VM ,8000.0,17/09/15
DISCOGRAPH ,JOWEE OMICIL ,ALL THAT BASH ,CD ,20000.0,17/12/15
DISCOGRAPH ,MELISSMELL ,L ANKU ,CD ,15000.0,09/07/15
DISCOGRAPH ,SUBVENTION 2014 ,,MUZICENTER ,2797.5,16/02/15
DISCOGRAPH ,FLAVIA COELHO ,MUNDO MEU ,PM ,10000.0,28/05/15
DIVERSITE ,DUB INC ,BETTER RUN ,VM ,4000.0,10/02/15
DIXIEFROG ,ERIG BIBB ET JJ MILTEAU ,LEAD BELLY S GOLD ,PM ,4000.0,17/09/15
DIXIEFROG ,ERIC BIBB/JJ MILTEAU ,LEAD BELLY S GOLD ,SALLE ,4640.0,16/09/15
DIXIEFROG ,LITTLE BOB BLUES BASTARDS ,HOWLIN ,SALLE ,1680.0,29/09/15
DJ CENTER RECORDS ,SUBVENTION 2014 ,,MUZICENTER ,1239.58,16/02/15
DO YOU LIKE ,DTWICE ,DEVIL’S TUNE ,SALLE ,1760.0,11/06/15
DOMINO RECORDING ,FRANCOIS AND THE ATLAS MOUNTAINS ,PIANO OMBRE ,Formation ,1650.0,24/09/15
EDEN RECORDS ,CLARA PONTY ,CE QUE JE CROIS ,Formation ,1650.0,06/03/15
EDGE OF TOWN MUSIC ,J C SATAN ,J. C. SATAN ,CD ,2000.0,17/09/15
EDGE OF TOWN MUSIC ,TAHITI BOY AND THE PALMTREE FAMILY ,SONGS OF VERTIGO ,PM ,8000.0,28/05/15
EDGE OF TOWN MUSIC ,J C SATAN ,J. C. SATAN ,SALLE ,2000.0,03/11/15
EDGE OF TOWN MUSIC ,TAHITI BOY AND THE PALMTREE FAMILY ,SONGS OF VERTIGO ,SALLE ,1920.0,09/04/15
EDGE OF TOWN MUSIC ,TAHITI BOY AND THE PALMTREE FAMILY ,ALL THAT YOU ARE ,VM ,2000.0,02/04/15
EDITIONS FAIRWOOD MUSIC ,SUBVENTION 2014 ,,MUZICENTER ,682.5,14/01/15
EDITIONS MURRAY HEAD MUSIC ,MURRAY HEAD ,SAY IT AINT SO TOUR ,TS ,8000.0,02/04/15
EDITIONS SARAVAH ,COMPILATION SARAVAH ,50 ANS SARAVAH ,CD ,17000.0,17/09/15
EDITIONS SARAVAH ,MAIA BAROUH ,KODAMA ,SALLE ,2000.0,20/02/15
EKLER O SHOCK RECORDS / EOS ,ALEXANDRE CHATELARD ,ELLE ÉTAIT UNE FOIS ,Formation ,1650.0,19/11/15
EKLER O SHOCK RECORDS / EOS ,POLO & PAN ,TBC ,Formation ,1650.0,19/11/15
EKLER O SHOCK RECORDS / EOS ,DATA ,DON’T SING ,VM ,7000.0,10/02/15
EN MEME TEMPS ,PUSH UP ,THE DAY AFTER ,CD ,3000.0,10/02/15
EN MEME TEMPS ,CEUX QUI MARCHENT DEBOUT ,DON’T BE SHY ,VM ,3000.0,17/12/15
ENT SOCIETALE ENTREPRENARIAT ,BAGARRE ,EP2015 ,CD ,2000.0,02/04/15
ENT SOCIETALE ENTREPRENARIAT ,FISHBACH ,EP1 ,CD ,2000.0,05/11/15
ENT SOCIETALE ENTREPRENARIAT ,GRAND BLANC ,LP1 ,CD ,5000.0,09/07/15
ENT SOCIETALE ENTREPRENARIAT ,BAGARRE ,EP BAGARRE ,Formation ,1500.0,20/02/15
ENT SOCIETALE ENTREPRENARIAT ,GRAND BLANC ,EP1 ,Formation ,1650.0,12/01/15
ENT SOCIETALE ENTREPRENARIAT ,BLIND DIGITAL CITIZEN ,CUMBIA ,VM ,2000.0,28/05/15
ENT SOCIETALE ENTREPRENARIAT ,GRAND BLANC ,L’HOMME SERPENT ,VM ,5000.0,10/02/15
ENT SOCIETALE ENTREPRENARIAT ,GRAND BLANC ,MONTPARNASSE ,VM ,5000.0,28/05/15
EQUAL MUSIK ,FALONE ,JOSEPH ,SALLE ,1920.0,10/03/15
ERDA ACCENTUS ,ACCENTUS/INSULA ORCHESTRA/LAURENCE EQUILBEY ,ORFEO ET EURIDICE ,CD ,12000.0,28/05/15
ESPACE CULTUREL MEDITERRANEE ,TEMENIK ELECTRIC ,INCH’ALLAH BABY ,CD ,10000.0,02/04/15
ESPACE CULTUREL MEDITERRANEE ,TEMENIK ELECTRIC ,INCH’ALLAH BABY ,SALLE ,1680.0,04/11/15
ESPACE CULTUREL MEDITERRANEE ,TEMENIK ELECTRIC ,KEFICH N DIR ,VM ,1500.0,17/09/15
ESPACE CULTUREL MEDITERRANEE ,TEMENIK ELECTRIC ,DENIA DENIA ,VM ,1500.0,17/09/15
FAIT MAIN PRODUCTIONS ,SERGE BEYNAUD ,ACCELERATE ,CD ,4000.0,17/09/15
FAUVE CORP ,FAUVE ,VIEUX FRERES - PARTIE 2 ,PM ,20000.0,17/12/15
FEEL GOOD PRODUCTION ,SUBVENTION 2014 ,,MUZICENTER ,342.5,20/01/15
FLOX PRODUCTIONS ,FLOX ,TIGHT ,VM ,3000.0,28/05/15
FRAGMENTS DES ARTS ,RODRIGUE ,SPECTACULAIRE DIFFUS ,SALLE ,1920.0,27/02/15
FUTUREPLAY ,SUBVENTION 2014 ,,MUZICENTER ,1371.25,16/02/15
GAYA MUSIC ,FRED NARTIN / JON BOUTEILLIER QUARTET ,WATTS ,CD ,2000.0,17/12/15
GAYA MUSIC ,JULEIN ALOUR ,RYTHM ,CD ,1000.0,17/12/15
GAYA MUSIC ,ERIC SEVA QUARTET ,NOMADE SONORE ,SALLE ,1680.0,16/11/15
GAYA MUSIC ,MANU DOMERGUE ,RAVEN ,SALLE ,1680.0,27/01/15
GAYA MUSIC ,SAMY THIEBAULT QUARTET ,A FEAST OF FRIENDS ,SALLE ,1920.0,25/02/15
GAYA MUSIC ,SAMY THIEBAULT ,A FEAST OF FRIENDS ,TS ,2000.0,09/07/15
GEOMUSE ,AZIZ SAHMAOUI & UNIVERSITY OF GNAWA ,JILALA ,VM ,2000.0,17/12/15
GLG INVESTISSEMENT ,ROCCA ,BOGOTA PARIS ,SALLE ,2240.0,29/09/15
GOMUSIC ,SUBVENTION 2014 ,,MUZICENTER ,1037.08,16/02/15
GREEN UNITED MUSIC ,THE SHOES ,CHEMICALS ,CD ,15000.0,17/09/15
GREEN UNITED MUSIC ,SAGE ,IN BETWEEN ,PM ,10000.0,28/05/15
GREEN UNITED MUSIC ,SAGE ,IN BETWEEN ,SALLE ,1920.0,22/01/15
GREEN UNITED MUSIC ,SAGE ,IN BETWEEN ,VM ,17000.0,02/04/15
GREEN UNITED MUSIC ,THE SHOES ,SUBMARINE ,VM ,10000.0,17/09/15
GREEN UNITED MUSIC ,THE SHOES ,1960’S HORROR ,VM ,15000.0,28/05/15
HAMBURGER RECORDS ,POLO & PAN ,TBC ,Formation ,1650.0,18/11/15
HAMBURGER RECORDS ,POLO & PAN ,AQUALAND ,VM ,2000.0,28/05/15
HAMON YANN PRODUCTIONS ,3 MINUTES SUR MER ,ALBUM 2 ,CD ,2000.0,05/11/15
HAMON YANN PRODUCTIONS ,DOMINIC SONIC ,VANITE ,CD ,5000.0,10/02/15
HAMON YANN PRODUCTIONS ,LES NUS ,ALBUM 2 (tbc) ,CD ,5000.0,28/05/15
HAMON YANN PRODUCTIONS ,MONSIEUR ROUX ,ALBUM 4 ,CD ,3000.0,17/09/15
HAMON YANN PRODUCTIONS ,DOMINIC SONIC ,VANITES #6 ,PM ,4000.0,05/11/15
HAMON YANN PRODUCTIONS ,SUCCESS ,LOVE AND HATE ,SALLE ,1680.0,03/06/15
HAMON YANN PRODUCTIONS ,DEPORTIVO ,DOMINO ,TS ,5000.0,10/02/15
HAMON YANN PRODUCTIONS ,SUCCESS ,LOVE AND HATE ,TS ,2000.0,09/07/15
HAMON YANN PRODUCTIONS ,3 MINUTES SUR MER ,CATAPULTE ,VM ,1000.0,17/12/15
HAMON YANN PRODUCTIONS ,DOMINIC SONIC ,MIRACLES ,VM ,2000.0,02/04/15
HARMONIA MUNDI ,AKADEMIE FUR ALTE MUSIK BERLIN ,WATER MUSIC ,CD ,10000.0,05/11/15
HARMONIA MUNDI ,AMANDINE BEYER ,IL TEATRO ALLA MODA ,CD ,10000.0,28/05/15
HARMONIA MUNDI ,AMANDINE BEYER - GLI INCOGNITI ,PCHELBEL - ORAGE D AVRIL ,CD ,9000.0,17/12/15
HARMONIA MUNDI ,ANDREAS STAIER ,CONCERTOS POUR CLAVECIN ,CD ,20000.0,28/05/15
HARMONIA MUNDI ,DIEGO ARES ,SOL DE MI FORTUNA ,CD ,4000.0,17/09/15
HARMONIA MUNDI ,EMMANUELLE BERTRAND ,"1846, DERNIERE ANNEE A NOHANT ",CD ,6000.0,10/02/15
HARMONIA MUNDI ,EMMANUELLE BERTRAND ,CONCERTO POUR VIOLONCELLE  ,CD ,8000.0,28/05/15
HARMONIA MUNDI ,ISABELLE FAUST ,SONATES OP. 100 & 108 ,CD ,4000.0,28/05/15
HARMONIA MUNDI ,JAVIER PERIANES ,QUINTETTES AVEC PIANO ,CD ,5000.0,17/09/15
HARMONIA MUNDI ,JERUSALEM QUARTET ,QUATUORS A CORDES OP. 18 ,CD ,10000.0,28/05/15
HARMONIA MUNDI ,PABLO HERAS CASADO ,SYMPHONIES 3 ET 4 ,CD ,12000.0,05/11/15
HARMONIA MUNDI ,PABLO HERAS CASADO ,CONCERTOS ET TRIOS ,CD ,35000.0,02/04/15
HARMONIA MUNDI ,RAPHAEL PICHON ,LES FILLES DU RHIN ,CD ,8000.0,05/11/15
HARMONIA MUNDI ,RENE JACOBS ,RAPPRESENTATIONE DI ANIMA E DI CORPO ,CD ,20000.0,10/02/15
HARMONIA MUNDI ,RENE JACOBS ,L’ENLEVEMENT AU SERAIL ,CD ,30000.0,28/05/15
HARMONIA MUNDI ,SEBASTIEN DAUCE ,LE CONCERT ROYAL DE LA NUIT ,CD ,35000.0,28/05/15
HARMONIA MUNDI ,SUNHAE IM ,ORFEO(S) ,CD ,10000.0,02/04/15
HARMONIA MUNDI ,TRIO WANDERER ,QUATUORS AVEC PIANO OP 60 ,CD ,8000.0,05/11/15
HARMONIA MUNDI ,WEI WU ,OVERTONES ,CD ,3000.0,05/11/15
HARMONIA MUNDI ,WERNER GURA ,LIEDER & BAGATELLES ,CD ,4000.0,28/05/15
HARMONIA MUNDI ,ALAN STIVELL ,AMZER ,PM ,12000.0,17/12/15
HARMONIA MUNDI ,ISABELLE FAUST ,CONCERTO POUR VIOLON ,PM ,7000.0,02/04/15
HARMONIA MUNDI ,ALEJANDRA RIBERA ,LA BOCA ,SALLE ,1920.0,29/09/15
HARMONIA MUNDI ,ANTONIO ZAMBUJO ,RUA DA EMENDA ,SALLE ,6160.0,20/01/15
HARMONIA MUNDI ,HAROLD LOPEZ NUSSA ET ALIOUNE ,HAVANA PARIS DAKAR ,SALLE ,1680.0,05/05/15
HARMONIA MUNDI ,OMAR SOSA ,ILE ,SALLE ,1920.0,10/03/15
HEAD BANGERS ENTERTAINMENT ,BREAKBOT ,STILL WATERS ,CD ,15000.0,17/12/15
HEAD BANGERS ENTERTAINMENT ,BREAKBOT ,GET LOST ,VM ,8000.0,17/12/15
HEAD BANGERS ENTERTAINMENT ,BREAKBOT ,TOO GOOD FOR ME ,VM ,8000.0,17/12/15
HEAD RECORDS ,PNEU ,LAISSE PAS TRAINER TON CHARLES ,VM ,2000.0,17/12/15
HIT SOUND PROD ,SHALYA ,BOOM LIKE THIS ,VM ,2000.0,09/07/15
HOLD ON MUSIC ,PARLOR SNAKES ,PARLOR SNAKES ,SALLE ,1800.0,26/03/15
HOLD ON MUSIC ,PARLOR SNAKES ,MAN IS THE NIGHT ,VM ,2000.0,17/09/15
I HAVE A DREAM RECORDS ,SUBVENTION 2014 ,,MUZICENTER ,520.0,16/02/15
IGLOO RECORDS ,TOINE THYS TRIO ,GRIZZLY ,SALLE ,1200.0,17/03/15
IGNATUB ,IGNATUS ET LES FRERES MAKOUAYA ,"ET COMMENT VOUS FAITES, CHEZ VOUS ? ",Formation ,1650.0,09/02/15
IL MONSTRO ,CHRISTIAN PABOEUF ,L’AURORE ,CD ,1000.0,05/11/15
INH ICH PROD ,SUBVENTION 2014 ,,MUZICENTER ,147.5,16/02/15
INNACOR (TON ALL PRODUKSION) ,KEYVAN CHEMIRANI ,AVAZ ,SALLE ,1200.0,25/02/15
INTERLUDES ,JEWEL ,LA RAGE AU VENTRE ,SALLE ,1920.0,16/11/15
IRFAN ,FREDERIC FROMET ,CA FROMET ,CD ,5000.0,17/09/15
JARRING EFFECTS ,BRAIN DAMAGE ,HARRY J VOCAL SESSIONS ,CD ,5000.0,28/05/15
JARRING EFFECTS ,D LIGHTS ,THE D. LIGHTS ,CD ,5000.0,10/02/15
JARRING EFFECTS HIGH TONE ,,GHOSTS TRACKS ,CD ,2000.0,10/02/15
JARRING EFFECTS MIDNIGHT RAVERS ,,BALANI SHOWS ,CD ,5000.0,28/05/15
JARRING EFFECTS SOCIEDADE RECREATIVA ,,SOCIEDADE RECREATIVA ,CD ,4000.0,17/09/15
JARRING EFFECTS BRAIN DAMAGE ,,WALK THE WALK ,SALLE ,2000.0,24/08/15
JARRING EFFECTS BRAIN DAMAGE ,,WALK THE WALK ,TS ,3000.0,17/09/15
JARRING EFFECTS D LIGHTS ,,D LIGHTS ,TS ,3000.0,17/09/15
JARRING EFFECTS MIDNIGHT RAVERS ,,SOU KONO ,TS ,4000.0,05/11/15
JARRING EFFECTS BRAIN DAMAGE ,,FYAH BUN FEAT WILLI WILLIAMS ,VM ,3000.0,17/09/15
JARRING EFFECTS D LIGHTS ,,HEAT ROCK ,VM ,1000.0,05/11/15
JARRING EFFECTS MIDNIGHT RAVERS ,,DIARABI ,VM ,2000.0,09/07/15
JARRING EFFECTS SOCIEDADE RECREATIVA ,,BOA NOITE ,VM ,1000.0,17/12/15
JN2B TIGERSUSHI GUILLAUME TEYSSIER ,,PARIS VORTEZ ,CD ,3000.0,17/09/15
JN2B TIGERSUSHI MAESTRO ,,MOUNTAINS OF MADNESS ,Formation ,1650.0,07/07/15
JN2B TIGERSUSHI MAESTRO ,,MOUNTAINS OF MADNESS ,Formation ,1650.0,07/07/15
JN2B TIGERSUSHI GUILLAUME TEYSSIER ,,VORTEX DISCO ,VM ,3000.0,17/09/15
JN2B TIGERSUSHI MAESTRO ,,DARLIN’ CELSA ,VM ,2000.0,02/04/15
JN2B TIGERSUSHI PRINCIPLES OF GEOMETRY ,,ROANOKE ,VM ,1000.0,09/07/15
JO AND CO AMALIA CASADO ,,TEXTURE ,CD ,15000.0,28/05/15
JO AND CO CAROLINE COSTA ,,TBC ,CD ,15000.0,28/05/15
JO AND CO JOHN MAMANN ,,CYCLONE ,CD ,15000.0,17/12/15
JO AND CO THE KING S SON ,,THE KING’S SON ,CD ,15000.0,28/05/15
JO AND CO CANTINERO ,,CANTINERO EP ,PM ,10000.0,10/02/15
JO AND CO GREG JUNE ,,ONE ,PM ,10000.0,05/11/15
JO AND CO THE KING S SON ,,THE KING’S SON ,PM ,15000.0,28/05/15
JO AND CO AMALIA CASADO ,,LES BAGUES AUTOUR DES DOIGTS ,VM ,1000.0,09/07/15
JO AND CO AMALIA CASADO ,,DISPARAIS ,VM ,1000.0,17/09/15
JO AND CO BLUE VELVET ,,GALAXY ,VM ,2000.0,05/11/15
JO AND CO BLUE VELVET - CAROLINE COSTA ,,BLUE ,VM ,2000.0,02/04/15
JO AND CO BRICE CONRAD ,,A TORD OU A RAISON ,VM ,6000.0,02/04/15
JO AND CO BRICE CONRAD ,,ETERNELLE ,VM ,8000.0,10/02/15
JO AND CO DOUTSON ,,VAS-Y FONCE ,VM ,5000.0,02/04/15
JO AND CO ELISA TOVATI ,,ME & MY ROBOT ,VM ,5000.0,17/12/15
JO AND CO GLORY ,,HOLD-UP ,VM ,2000.0,09/07/15
JO AND CO GREG JUNE ,,WE CAN NEVER TALK ,VM ,5000.0,28/05/15
JO AND CO ORTI ,,JE POETISE (anciennement LA CRISE) ,VM ,2000.0,02/04/15
JO AND CO THE KING S SON ,,I M NOT RICH ,VM ,7000.0,10/02/15
JO AND CO THE KING S SON ,,LOVE IN THE AIR ,VM ,9000.0,28/05/15
JOHNNY WILLIAMS SON LENA DELUXE ,,KILL THE KING ,VM ,4000.0,05/11/15
JOKE JOKE ,,LAVOBLASTER ,SALLE ,2000.0,10/04/15
JUST LOOKING PRODUCTIONS ELLE ET ELLES ,,KALENDA ,CD ,5000.0,09/07/15
JUST LOOKING PRODUCTIONS MEDERIC COLLIGNON ,,MOOVIES ,CD ,4000.0,28/05/15
JUST LOOKING PRODUCTIONS ELLE ET ELLES ,,PALOMA ,VM ,3000.0,17/12/15
JUST WINNER L J ,,ESSENTIEL ,CD ,3000.0,17/12/15
JUST WINNER STONE WARLEY ,,LE MONDE EST STONE ,CD ,5000.0,17/12/15
JUST WINNER L J ,,JE VAIS TE PECHO ,VM ,3000.0,17/12/15
JUST WINNER STONE WARLEY ,,PRENDS POUR TOI ,VM ,3000.0,17/12/15
KAA PRODUCTION SUBVENTION 2014 ,,,MUZICENTER ,642.5,16/02/15
KALMIA PRODUCTIONS LIZ CHERHAL ,,LES SURVIVANTES ,PM ,3000.0,02/04/15
KALMIA PRODUCTIONS LIZ CHERHAL ,,TU M EPATES ,VM ,1000.0,09/07/15
KALMIA PRODUCTIONS LIZ CHERHAL ,,LES HEURES EN OR ,VM ,2000.0,02/04/15
KATZELE PRODUCTION ROSE LAURENS ,,ADN ,SALLE ,3120.0,04/11/15
KELTIA III ALAN STIVELL ,,AMZER ,CD ,5000.0,28/05/15
KIDDERMINSTER COMING SOON ,,SUN GETS IN ,CD ,3000.0,09/07/15
KIDDERMINSTER COMING SOON ,,TIGER MEETS LION ,PM ,4000.0,10/02/15
KIDDERMINSTER COMING SOON ,,SUN GETS IN ,VM ,3000.0,28/05/15
KIDDERMINSTER DOM LA NENA ,,VIVO NA MARE ,VM ,6000.0,10/02/15
KUSKUS HOUSSE DE RACKET ,,THE TOURIST ,CD ,4000.0,17/09/15
L HALLALI PRODUCTION DAVID DELABROSSE ,,EGO LE CACHALOT SE LA RACONTE ,CD ,2000.0,28/05/15
L OCEAN NOMADE TOMA SIDIBE ,,BAL POUSSIERE ,SALLE ,1600.0,16/11/15
L OCEAN NOMADE TOMA SIDIBE ,,AFRO PICARD ,VM ,2000.0,17/12/15
LA FABRICA SON PIERRE DE TREGOMAIN QUARTET ,,SHELTER ,SALLE ,1200.0,11/02/15
LA FABRICA SON SEBASTIEN PAINDESTRE TRIO ,,PARIS,SALLE ,1200.0,16/11/15
LA FONDATION LA BORIE EN LIMOU CLAUDE BARTHELEMY ET L’OCCIDENTALE ,,CLAUDE BARTHELEMY ET L’OCCIDENTALE ,SALLE ,960.0,20/02/15
LA FONDATION LA BORIE EN LIMOU CLAUDE BARTHELEMY ET L’OCCIDENTALE ,,CLAUDE BARTHELEMY ET L’OCCIDENTALE ,SALLE ,1680.0,14/01/15
LA FONDATION LA BORIE EN LIMOU PASCAL SCHUMACHER QUARTET ,,LEFT TOKYO RIGHT ,SALLE ,1200.0,02/03/15
LA OUACHE PRODUCTION MATMATAH ,,TRICERATOPS ,VM ,3000.0,28/05/15
LA THEORIE DES JEUX ENSEMBLE ILLAPS ,,REELS ,SALLE ,960.0,20/02/15
LA TRIPERIE DAVID LAFORE ,,J’AI L’AMOUR ,SALLE ,2000.0,24/08/15
LAURENT DAUMAIL PRODUCTIONS DJ CAM ,,MIAMI VICE ,CD ,3000.0,02/04/15
LE CAFE DE LA DANSE CARAVAN PALACE ,,<|°_°|> ,CD ,15000.0,17/09/15
LE GRAND ORCHESTRE DU SPLENDID GRAND ORCHESTRE DU SPLENDID ,,LES ANNEES SPLENDID - SAISON 1 ,CD ,9000.0,28/05/15
LE GUICHET PRODUCTION LARTIGO ,,HIPSTER PATOIS ,CD ,2000.0,02/04/15
LE GUICHET PRODUCTION LARTIGO ,,HIPSTER PATOIS ,Formation ,1650.0,03/06/15
LE GUICHET PRODUCTION LARTIGO ,,HIPSTER PATOIS ,SALLE ,1600.0,24/08/15
LE SPHINX DAVID CALVET KAJDAN ,,ONOFF ,SALLE ,1680.0,29/09/15
LES CHANTIERS SONORES L ATTIRAIL ,,LA ROUTE INTERIEURE ,SALLE ,1200.0,07/04/15
LITTLE TRIBECA DUO MOSALINI - BOEGEHOLZ ,,DELTA Y MAR ,CD ,4000.0,05/11/15
LITTLE TRIBECA MAXENCE CYRIN ,,NOVO PIANO 2 ,CD ,3000.0,17/09/15
LITTLE TRIBECA OPHELIE GAILLARD - PULCINELLA ORCHESTRA ,,CARL PHILIPP EMANUEL BACH ,CD ,12000.0,17/12/15
LITTLE TRIBECA TASSIS CHRISTOYANNIS ,,INTEGRALES DES MELODIES DE LALO ,CD ,4000.0,17/09/15
LITTLE TRIBECA FRANCOIS CHAPLIN ,,SCHUBERT ,SALLE ,4960.0,02/03/15
LO JO LO’JO ,,310 LUNES ,PM ,4000.0,10/02/15
LOVARIUM PRODUCTION SUBVENTION 2014 ,,,MUZICENTER ,665.0,16/02/15
LOVARIUM PRODUCTION MICHAL KWIATKOWSKI ,,CHOPIN ETC ,SALLE ,1920.0,25/02/15
LOVARIUM PRODUCTION YSA FERRER ,,SANGUINE ,SALLE ,6160.0,08/01/15
LOVARIUM PRODUCTION ,YSA FERRER ,GOD SAVE THE QUEEN ,VM ,3000.0,02/04/15
LYPROD ,SUBVENTION 2014 ,,MUZICENTER ,525.0,16/02/15
M & R PRODUCTIONS ,SUBVENTION 2014 ,,MUZICENTER ,522.5,20/01/15
MADAME SAMBIN VERONIQUE ,VERONIQUE HERMANN SAMBIN ,BASALTE ,CD ,3000.0,02/04/15
MADAME SAMBIN VERONIQUE ,VERONIQUE HERMANN SAMBIN ,BASALTE ,SALLE ,1920.0,03/06/15
MADORO MUSIC ,BRUNO COULAIS ,BOF LES SAISONS ,CD ,5000.0,17/12/15
MAISON DE LA CULTURE D AMIENS ,HENRI TEXIER ,SKY DANCERS 6 ,CD ,4000.0,17/09/15
MAISON DE LA CULTURE D AMIENS ,THE RED STAR ORCHESTRA ,FEAT. THOMAS DE POURQUERY ,CD ,10000.0,02/04/15
MAISON DE LA CULTURE D AMIENS ,DAS KAPITAL ,KIND OF RED ,SALLE ,1200.0,03/12/15
MASQ ,ADELLA ,ADELLA EP ,Formation ,1650.0,20/02/15
MAXIMALIST RECORDS ,KID WISE ,MIROIR (HYPHEN HYPHEN REMIX) ,VM ,1000.0,17/09/15
MELISSE ,JEAN PHILIPPE VIRET ,L INEFFEBLE ,SALLE ,1920.0,13/02/15
MEREDITH ,MACHA GHARIBIAN ,TRANS EXTENDED ,CD ,2000.0,17/09/15
METEORES MUSIC ,SAYCET ,MIRAGE ,SALLE ,1800.0,17/02/15
METEORES MUSIC ,SAYCET ,MIRAGES ,VM ,2000.0,17/12/15
MIKHAIL TCHALIK/ALKONOST CLASS ,GABRIEL ET DANIA TCHALIK ,BORIS TISHCHENKO ,CD ,1000.0,02/04/15
MIRARE PRODUCTIONS ,PIERRE HANTAI ,SONATES POUR CLAVECIN-DOMENICO SCARLATTI ,CD ,3000.0,09/07/15
MIRARE PRODUCTIONS ,RAPHAEL SEVERE/QUATUOR PRAZAK ,BRAHMS-HINDEMITH-CLARINET QUINTETS ,CD ,2000.0,09/07/15
MIS ASSOCIES ,SWIFT GUAD ,A L AISE (FEAT JAROD) ,VM ,2000.0,17/12/15
MISTER IBE ,IBRAHIM MAALOUF ,RED & BLACK LIGHT ,CD ,25000.0,09/07/15
MISTER IBE ,NATACHA ATLAS ,MYRIAD ROAD ,CD ,10000.0,17/09/15
MISTER IBE ,IBRAHIM MAALOUF & OXMO PUCCINO ,AU PAYS D’ALICE… ,PM ,15000.0,28/05/15
MISTER IBE ,NATACHA ATLAS ,MYRIAD ROAD ,SALLE ,6636.0,07/12/15
MISTER IBE ,NATACHA ATLAS ,NATACHA ATLAS-MYRIAD ROAD TOUR ,TS ,5000.0,17/12/15
MISTER IBE ,IBRAHIM MAALOUF ,RUN THE WORLD (GIRL) ,VM ,7000.0,17/12/15
MML MUSIC ,MIGASO ,III ,Formation ,1500.0,19/11/15
MONSIEUR MERLE LAURENT ,GOROD ,A MAZE OF RECYCLED CREEDS ,SALLE ,1800.0,01/12/15
MOONKEEPER RECORDS ,BALINGER ,LET GO (ancien BEFORE I GO) ,CD ,1000.0,05/11/15
MUSIC DEVELOPMENT COMPANY ,OUM ,ZARABI ,CD ,5000.0,09/07/15
MUSIC DEVELOPMENT COMPANY ,OUM ,ZARABI ,SALLE ,1920.0,16/12/15
MY MAJOR COMPANY ,KINNIE LANE ,JE TE SUIVRAI (TBC) ,CD ,12000.0,10/02/15
MY MAJOR COMPANY ,SHAKE SHAKE GO ,ALL IN TIME ,CD ,30000.0,17/12/15
MY MAJOR COMPANY ,TIBZ ,ON N’EST PAS BIEN LA ? ,CD ,15000.0,02/04/15
MY MAJOR COMPANY ,ZERO ,ZERO ,CD ,25000.0,05/11/15
MY MAJOR COMPANY ,SUBVENTION 2014 ,,MUZICENTER ,2797.5,14/01/15
MY MAJOR COMPANY ,BASTIEN LANZA ,2H DU MAT ,PM ,5000.0,17/12/15
MY MAJOR COMPANY ,CASSANDRE ,CASSANDRE ,PM ,10000.0,17/09/15
MY MAJOR COMPANY ,DUME ,LA MOITIE DU CHEMIN ,PM ,5000.0,02/04/15
MY MAJOR COMPANY ,IKA ,MENAGE DE PRINTEMPS ,PM ,4000.0,10/02/15
MY MAJOR COMPANY ,IRMA ,FACES ,PM ,20000.0,02/04/15
MY MAJOR COMPANY ,JEFF BEAULIEU ,BRAVE NEW WORLD ,PM ,10000.0,05/11/15
MY MAJOR COMPANY ,JOY WILD ,FACE A FACE ,PM ,4000.0,10/02/15
MY MAJOR COMPANY ,KAREN BRUNON ,LA FILLE IDEALE ,PM ,15000.0,17/09/15
MY MAJOR COMPANY ,NATHALIE BEATON ,D’OÙ L’ON VIENT ,PM ,5000.0,02/04/15
MY MAJOR COMPANY ,ZACH FEVRIER ,LE MONDE REEL ,PM ,4000.0,09/07/15
MY MAJOR COMPANY ,CASSANDRE ,CASSANDRE ,SALLE ,1800.0,04/05/15
MY MAJOR COMPANY ,HUSHH ,JAMAIS PERDUS ,SALLE ,1920.0,04/05/15
MY MAJOR COMPANY ,SHAKE SHAKE GO ,ENGLAND SKIES ,SALLE ,1920.0,02/02/15
MY MAJOR COMPANY ,TIBZ ,TIBZ EN PREMIERE PARTIE DE LOUANE ,TS ,3000.0,05/11/15
MY MAJOR COMPANY ,HUSHH ,JAMAIS PERDUS ,VM ,5000.0,10/02/15
MY MAJOR COMPANY ,JOY WILD ,POUR AIMER ,VM ,1000.0,09/07/15
MY MAJOR COMPANY ,KAREN BRUNON ,RIEN ,VM ,5000.0,10/02/15
MY MAJOR COMPANY ,MILLERS DAUGHTER FEAT NICOM ,UNDENIABLE FEAT NICOM ,VM ,3000.0,10/02/15
MY MAJOR COMPANY ,SHAKE SHAKE GO ,ENGLAND SKIES ,VM ,3000.0,10/02/15
MY MAJOR COMPANY ,TIBZ ,ON N’EST PAS BIEN LA ,VM ,8000.0,10/02/15
NAIVE ,L’ORCHESTRE NATIONAL DE FRANCE ,AMERICAS ,CD ,12000.0,28/05/15
NAIVE ,ARNO ,HUMAN INCOGNITO ,CD ,30000.0,05/11/15
NAIVE ,BAPTISTE TROTIGNON/NICHOLAS ANGELICH ,DIFFERENT SPACES ,CD ,6000.0,28/05/15
NAIVE ,EMMANUEL CEYSSON ,BELLE EPOQUE ,CD ,10000.0,02/04/15
NAIVE ,HADOUK QUARTET ,NOUVEL ALBUM ,CD ,8000.0,05/11/15
NAIVE ,HOPKINSON SMITH ,MAD DOG ,CD ,6000.0,28/05/15
NAIVE ,LAURENT KORCIA ,BRAHMS ,CD ,17000.0,17/09/15
NAIVE ,LIL TAI Z ,TBC ,CD ,10000.0,05/11/15
NAIVE ,MATHILDE ,JE LES AIME TOUS ,CD ,12000.0,05/11/15
NAIVE ,NIKOLAI LUGANSKY ,SCHUBERT ,CD ,8000.0,05/11/15
NAIVE ,NIKOLAI LUGANSKY ,TCHAIKOVSKY ,CD ,11000.0,17/12/15
NAIVE ,ORCHESTRE PHILHARMONIQUE ROYAL DE LIEGE  ,"WAGNER, AIRS D’OPERA ",CD ,10000.0,10/02/15
NAIVE ,RINALDO ALESSANDRINI ,"BACH, PRELUDES ET FUGUES ",CD ,7000.0,28/05/15
NAIVE ,RINALDO ALESSANDRINI ,CONCERTO ITALIANO VIAGGIO A ROMA ,CD ,25000.0,05/11/15
NAIVE ,ROLF LISLEVAND ,SCARAMANZIA ,CD ,5000.0,02/04/15
NAIVE ,SERGEY & LUSINE KHACHATRYAN ,TRIBUTE TO ARMENIA ,CD ,10000.0,10/02/15
NAIVE ,SERGIO AZZOLINI ,"VIVALDI, CONCERTOS POUR BASSON VOLUME IV ",CD ,12000.0,02/04/15
NAIVE ,STEPHANE BELMONDO ,LOVE FOR CHET ,CD ,9000.0,10/02/15
NAIVE ,VKNG ,ILLUMINATION (ancien WE ARE THE OCEAN) ,CD ,20000.0,09/07/15
NAIVE ,VKNG ,ILLUMINATION (ancien WE ARE THE OCEAN) ,Formation ,1650.0,24/03/15
NAIVE ,ANNE GASTINEL ,AMERICAS ,PM ,6000.0,17/12/15
NAIVE ,ASA ,BED OF STONE ,PM ,30000.0,28/05/15
NAIVE ,BADEN BADEN ,MILLE ECLAIRS ,PM ,6000.0,02/04/15
NAIVE ,JEANNE ADDED ,BE SENSATIONAL ,PM ,35000.0,05/11/15
NAIVE ,LAURENCE EQUILBEY ,"MOZART, REQUIEM ",PM ,6000.0,10/02/15
NAIVE ,RAUL PAZ ,VEN VEN ,PM ,7000.0,09/07/15
NAIVE ,STEPHANE BELMONDO ,LOVE FOR CHET ,SALLE ,1680.0,27/04/15
NAIVE ,ARNO ,I M JUST AN OLD MOTHERFUCKER ,VM ,9000.0,17/12/15
NAIVE ,BADEN BADEN ,A TES COTES ,VM ,2000.0,10/02/15
NAIVE ,BADEN BADEN ,HIVERS ,VM ,2000.0,02/04/15
NAIVE ,BADEN BADEN ,J’AI PLONGE DANS LE BRUIT ,VM ,2500.0,10/02/15
NAIVE ,BADEN BADEN ,L ECHAPPEE ,VM ,4000.0,17/12/15
NAIVE ,CARIBBEAN DANDEE ,31 SECONDES ,VM ,5000.0,05/11/15
NAIVE ,CARIBBEAN DANDEE ,POURQUOI TU T’ENERVES ,VM ,5000.0,05/11/15
NAIVE ,CARIBBEAN DANDEE ,L ARENE ,VM ,17000.0,05/11/15
NAIVE ,JEANNE ADDED ,LOOK AT THEM ,VM ,12000.0,28/05/15
NAIVE ,LIL TAI Z ,VRC ,VM ,3000.0,17/09/15
NAIVE ,LIL TAI Z ,RECEPTIF ,VM ,4500.0,17/12/15
NAIVE ,LIL TAI Z ,SAC A DOS ,VM ,10000.0,17/09/15
NAIVE ,VKNG ,MARY ,VM ,8000.0,02/04/15
NAIVE ,VKNG ,KILLING THE NAME OF GOD ,VM ,12000.0,02/04/15
NANANA PRODUCTIONS ,DELUXE ,STACHELIGHT ,CD ,8000.0,17/09/15
NANANA PRODUCTIONS ,DELUXE ,BABY THAT’S YOU ,VM ,4000.0,05/11/15
NEMO ,RENAUD GARCIA-FONS & DORANTES ,PASEO A DOS ,SALLE ,1200.0,30/09/15
NOTE A BENE ,ANTHONY DREW ,PASSION SAINT-ELOI ,CD ,8000.0,02/04/15
NOTE A BENE ,DEAR EYES ,SUPER TIMES WOW ,CD ,2000.0,09/07/15
NOTE A BENE ,JEAN-PHILIPPE MARTHELY ,PIPO’L BEST OF ,CD ,5000.0,10/02/15
NOTE A BENE ,JEREMIE KISLING ,REVES ET REVERBERES ,CD ,5000.0,05/11/15
NOTE A BENE ,LA COMPAGNIE CREOLE ,AU BAL MASQUE DU MONDE ,CD ,10000.0,02/04/15
NOTE A BENE ,PUNGLE LIONS ,CONTROVERSY ,CD ,5000.0,10/02/15
NOTE A BENE ,SOAN ,"RETOURNE, VIVRE ",CD ,4000.0,17/12/15
NOTE A BENE ,ZOE SIMPSON ,J’AVAIS DES REVES ,CD ,5000.0,28/05/15
NOTE A BENE ,SUBVENTION 2014 ,,MUZICENTER ,1160.0,16/02/15
NOTE A BENE ,ANTHONY DREW ,PASSION SAINT-ELOI ,PM ,5000.0,05/11/15
NOTE A BENE ,LA COMPAGNIE CREOLE ,CARNAVAL DU MONDE ,PM ,15000.0,28/05/15
NOTE A BENE ,PUNGLE LIONS ,ROUND THE CORNER ,PM ,3000.0,09/07/15
NOTE A BENE ,PUNGLE LIONS ,ROUND THE CORNER ,SALLE ,1800.0,24/08/15
NOTE A BENE ,SOAN ,A LA FIN ,SALLE ,876.0,24/08/15
NOTE A BENE ,SOAN ,RETOURNE VIVRE ,SALLE ,6160.0,01/12/15
NOTE A BENE ,LA COMPAGNIE CREOLE ,VIVA LA FIESTA ,VM ,5000.0,28/05/15
NOTE A BENE ,THE DISTANCE ,TROUBLE END ,VM ,2000.0,05/11/15
NOTE A BENE ,ZOE SIMPSON ,J’T’AI DANS LA PEAU ,VM ,2000.0,28/05/15
O JAZZ ,MELOBLAST ,FUNAMBULE S ,SALLE ,1200.0,24/08/15
OFF SHOOT ,OL KAINRY ,HORIZON ,CD ,2000.0,10/02/15
OFF SHOOT ,SOULKAST ,JE VIENS DE LA ,CD ,2000.0,02/04/15
OFF SHOOT ,OL KAINRY ,HORIZON ,PM ,3000.0,10/02/15
OFF SHOOT ,SOULKAST ,JE VIENS DE LA ,PM ,2000.0,02/04/15
OFF SHOOT ,OL KAINRY ,TORSE NU ,VM ,2000.0,17/09/15
OFF SHOOT ,OL KAINRY ,J’AI FAIM ! ,VM ,2000.0,02/04/15
OFF SHOOT ,SOULKAST ,JE VIENS DE LA ,VM ,2000.0,10/02/15
OFF THE RECORDS SPRL ,HASNAA BENNANI / ENSEMBLE STRAVAGANZA ,ARIANE-CANTATES BAROQUES FRANCAISES ,CD ,2000.0,09/07/15
OFF THE RECORDS SPRL ,LA PETITE SYMPHONIE-DANIEL ISOIR ,MOZART-QUATUORS POUR LE PIANOFORTE ,CD ,4000.0,17/12/15
ONE DROP ,RAY LEMA ,RAY LEMA QUINTED - LOUD AND BRIGHT ,CD ,2000.0,05/11/15
ONLY PRO ,ALONZO ,CAPO DE CAPI ,CD ,3000.0,09/07/15
ONLY PRO ,HOOSS ,FRENCH RIVIEIRA ,CD ,2000.0,17/09/15
ONLY PRO ,ALONZO ,CAPO DEI CAPI ,PM ,5000.0,17/12/15
ONLY PRO ,HOOSS ,FRENCH RIVIERA ,PM ,3000.0,05/11/15
ONLY PRO ,PUISSANCE NORD ,EVASION ,PM ,3000.0,28/05/15
OUT HERE RECORDS ,TERAKAFT ,TENERE/ALONE ,SALLE ,1680.0,10/04/15
OUTHERE France ,ALEXEI LUBIMOV ET SLAVA POPRUGIN ,"STRAVINSKY/SATIE, PARIS JOYEUX ET TRISTE ",CD ,1000.0,17/12/15
OUTHERE France ,ANIMA ETERNA BRUGGE ,SCHUBERTIADE ,CD ,3000.0,17/09/15
OUTHERE France ,ANIMA ETERNA BRUGGE/JOS VAN IMMERSEEL ,JANACEK SINFONIETTA/DVORAK N°9  ,CD ,2000.0,09/07/15
OUTHERE France ,ANNA VINNITSKAYA ,"CHACONNE, PIANO PIECES OP.76, RHAPSODIES ",CD ,1000.0,17/12/15
OUTHERE France ,ANNA VINNITSKAYA ET KREMERATA BALTICA ,SHOSTAKOVICH - PIANO CONCERTO ,CD ,10000.0,02/04/15
OUTHERE France ,BELCEA QUARTET ,"BERG, WEBERN, SCHOENBERG ",CD ,2000.0,17/09/15
OUTHERE France ,BRUNO COCSET ,BARRIERE VOL II ,CD ,2000.0,17/09/15
OUTHERE France ,ENSEMBLE INTERCONTEMPORAIN ET MATHIAS PINTSCHER ,"LUGETI, BARTOK ",CD ,2000.0,17/09/15
OUTHERE France ,ENSEMBLES MASQUES ET OLIVIER FORTIN ,ROMANIUS WEICHLEIN ,CD ,4000.0,28/05/15
OUTHERE France ,HERVE NIQUET ET LE CONCERT SPIRITUEL ,"GLORIA, MAGNIFICAT ",CD ,5000.0,05/11/15
OUTHERE France ,HET COLLECTIEF ET COLLEGIUM VOCALE GENT ,RIKADLA ,CD ,3000.0,28/05/15
OUTHERE France ,IL GIARDINO ARMONICO ET GIOVANNI ANTONINI ,HAYDN 2032 - IL FILOSOFO ,CD ,3000.0,02/04/15
OUTHERE France ,LE POEME HARMONIQUE ET VINCENT DUMESTRE ,"CŒUR, AIRS DE COUR AU XVIIEME SIECLE ",CD ,4000.0,09/07/15
OUTHERE France ,LES NOUVEAUX CARACTERES ,SCYLLA & GLAUCUS ,CD ,2000.0,05/11/15
OUTHERE France ,MARI ERIKSMOEN ET AUGUSTE CEMIN ,"GRIEG, GRONDAHL, STRAUSS, WOLFF ",CD ,6000.0,28/05/15
OUTHERE France ,MARTIN HASELBOCK ET LA WIENER AKADEMIE ,"RESOUND 2 - BEETHOVEN, SYMPHONY N°7 ",CD ,2000.0,05/11/15
OUTHERE France ,MARTIN HASELBOCK ET ORCHESTER WIENER AKADEMIE ,SCHUBERT/LISZT : THE SOUND OF WEIMAR ,CD ,2000.0,09/07/15
OUTHERE France ,NELSON GOERNER ,"POLONAISE, BERCEUSE, BARCAROLLE, 24 PRELUDES ",CD ,3000.0,05/11/15
OUTHERE France ,ORCHESTRE PHILARMONIQUE DU Luxembourg ,BARTOK-VIOLIN CONCERTO N°2 ,CD ,5000.0,28/05/15
OUTHERE France ,QUATUOR VOCE ET LISE BERTHAUD ,QUINTETTES DE MOZART ET BRAHMS ,CD ,4000.0,02/04/15
OUTHERE France ,TRIO DALI ,MENDELSSOHN / BACH ,CD ,5000.0,10/02/15
OUTHERE France ,VERONIQUE GENS ET SUSAN MANOFF ,NEERE (ANCIENNEMENT LA CHANSON BIEN DOUCE) ,CD ,3000.0,09/07/15
OUTHERE France ,YURY MARTYNOV ,BEETHOVEN : SYMPHONIE N°9 ,CD ,1000.0,17/12/15
OZ ,POMPIS ,POMPIS STARBOY ,SALLE ,1680.0,03/03/15
PAN EUROPEAN RECORDING ,FLAVIEN BERGER ,LEVIATHAN ,CD ,2000.0,02/04/15
PAN EUROPEAN RECORDING ,KOUDLAM ,BENIDORM DREAM ,SALLE ,6636.0,25/02/15
PAN EUROPEAN RECORDING ,KOUDLAM ,BENIDORM DREAM ,SALLE ,6636.0,10/03/15
PAN EUROPEAN RECORDING ,BUVETTE ,RAYON ,VM ,2000.0,17/12/15
PAN EUROPEAN RECORDING ,FLAVIEN BERGER ,888888,VM ,1000.0,02/04/15
PAN EUROPEAN RECORDING ,FLAVIEN BERGER ,ABYSSINIE ,VM ,1000.0,02/04/15
PAN EUROPEAN RECORDING ,JUDAH WARSKY ,JE VOLE ,VM ,2000.0,28/05/15
PAN EUROPEAN RECORDING ,PONI HOAX ,ANIMAL CITIZENS ,VM ,1000.0,09/07/15
PARIS SUD ,GEORGIO ,BLEU NOIR ,CD ,6000.0,17/09/15
PARISSI LA MUSIQUE ,MY DEAR ,STANDING IN THIS DREAM ,CD ,4000.0,17/12/15
PATCH PHONOLITHE (CSB PROD) ,ELECTRO BAMAKO ,NOW ,SALLE ,1800.0,10/04/15
PEGAZZ & L HELICON ,PING MACHINE ,FRACTALE S ,CD ,2000.0,09/07/15
PIAS France ,FRERE ANIMAL 2 ,2EME ALBUM - TBC ,CD ,20000.0,17/12/15
PIAS France ,PONY PONY RUN RUN ,TBC ,CD ,25000.0,09/07/15
PIAS France ,RADIO ELVIS ,LP1 ,CD ,28000.0,05/11/15
PIAS France ,ROMAIN HUMEAU ,MOUSQUETAIRE ,CD ,30000.0,17/12/15
PIAS France ,PONY PONY RUN RUN ,TBA ,Formation ,1650.0,05/05/15
PIAS FRANCE ,SUBVENTION 2014 ,,MUZICENTER ,10000.0,16/02/15
PIAS France ,ABD AL MALIK ,SCARIFICATIONS ,PM ,35000.0,05/11/15
PIAS France ,ALAIN CHAMFORT ,ALAIN CHAMFORT ,PM ,35000.0,02/04/15
PIAS France ,ALINE ,LA VIE ELECTRIQUE ,PM ,25000.0,09/07/15
PIAS France ,ARCHIVE ,RESTRICTION ,PM ,15000.0,10/02/15
PIAS France ,BALTHAZAR ,THIN WALLS ,PM ,20000.0,28/05/15
PIAS France ,BLOC PARTY ,HYMNS ,PM ,18000.0,17/12/15
PIAS France ,CHAMPS ,DOWN LIKE GOLD ,PM ,8000.0,02/04/15
PIAS France ,CLAPTONE ,CHARMER ,PM ,15000.0,17/09/15
PIAS France ,EDITORS ,IN DREAMS ,PM ,25000.0,17/09/15
PIAS France ,FAT WHITE FAMILY ,SONGS FOR OUR MOTHERS ,PM ,17000.0,17/12/15
PIAS France ,JEAN LOUIS MURAT ,TBA ,PM ,35000.0,17/12/15
PIAS France ,KITTY DAISY & THE LEWIS ,THE THIRD ,PM ,15000.0,10/02/15
PIAS France ,LE NOISEUR ,DU BOUT DES LEVRES ,PM ,15000.0,28/05/15
PIAS France ,MATT LOW ,BANZAI ,PM ,7000.0,17/12/15
PIAS France ,NEW ORDER ,MUSIC COMPLETE ,PM ,7000.0,09/07/15
PIAS France ,NOEL GALLAGHER ,CHASING YESTERDAY ,PM ,30000.0,02/04/15
PIAS France ,OSTYN ,NO SOUTH OF THE SOUTH PEOPLE ,PM ,13000.0,28/05/15
PIAS France ,STEREOPHONICS ,TBC ,PM ,6000.0,09/07/15
PIAS France ,TEXAS ,TEXAS 25 ,PM ,35000.0,28/05/15
PIAS France ,ALINE ,LA VIE ELECTRIQUE ,SALLE ,2000.0,04/05/15
PIAS France ,KITTY DAISY & LEWIS ,THE BIRD ,SALLE ,2000.0,06/02/15
PIAS France ,OSTYN ,NO SOUTH OH THE SOUTH PEOPLE ,SALLE ,2000.0,13/02/15
PIAS France ,ROYCE WOOD JUNIOR ,THE ASHEN TAG ,SALLE ,2000.0,18/11/15
PIAS France ,STEALING SHEEP ,NOT REAL ,SALLE ,2000.0,05/05/15
PIAS France ,ABD AL MALIK ,TOUT DE NOIR VETU ,VM ,4000.0,17/09/15
PIAS France ,ABD AL MALIK ,DANIEL DARC ,VM ,4000.0,17/09/15
PIAS France ,ABD AL MALIK ,ALLOGENE ,VM ,4000.0,17/09/15
PIAS France ,ALAIN CHAMFORT ,JOY ,VM ,7000.0,02/04/15
PIAS France ,ALINE ,LES ANGLES MORTS ,VM ,1000.0,05/11/15
PIAS France ,ALINE ,LA VIE ELCTRIQUE ,VM ,4000.0,02/04/15
PIAS France ,ANTOINE HENAUT ,LA VIE S’ECOULE ,VM ,4000.0,05/11/15
PIAS France ,BAXTER DURY ,OTHER MENS GIRLS ,VM ,2000.0,10/02/15
PIAS France ,KCPK ,WE WANT IT ,VM ,4000.0,17/09/15
PIAS France ,MATT LOW ,BLOW ,VM ,2000.0,05/11/15
PIAS France ,MIOSSEC ,SAMEDI SOIR AU VAUBAN ,VM ,1500.0,10/02/15
PIAS France ,OSTYN ,CRANK ,VM ,3000.0,10/02/15
PIAS France ,PONY PONY RUN RUN ,VOYAGE VOYAGE ,VM ,8000.0,17/12/15
PIAS France ,RADIO ELVIS ,ELLE PARTIRA ,VM ,4000.0,28/05/15
PIAS France ,RADIO ELVIS ,AU LOIN DES PYRAMIDES ,VM ,4000.0,28/05/15
PIGALLE PRODUCTION ,FM LAETI ,FOR THE MUSIC ,SALLE ,1920.0,02/03/15
PLAY ON ,FRENCH TOBACCO ,LP1 A DEFINIR ,CD ,20000.0,02/04/15
PLAY ON ,KIDS UNITED ,TBC ,CD ,40000.0,05/11/15
PLAY ON ,MAUDE ,POPAROID ,CD ,30000.0,09/07/15
PLAY ON ,VOLO ,CHANSON FRANCAISE ,CD ,15000.0,17/12/15
PLAY ON ,ZAK & DIEGO ,TBC ,CD ,25000.0,02/04/15
PLAY ON ,SUBVENTION 2014 ,,MUZICENTER ,9641.0,16/02/15
PLAY ON ,BROOKE FRASER ,BRUTAL ROMANTIC ,PM ,20000.0,28/05/15
PLAY ON ,DJ KAYZ ,PARIS ORAN NEW YORK ,PM ,20000.0,17/09/15
PLAY ON ,GREGOIRE ,LES POEMES ,PM ,35000.0,28/05/15
PLAY ON ,KIDS UNITED ,UN MONDE MEILLEUR ,PM ,35000.0,17/12/15
PLAY ON ,MAUDE ,POPAROID ,PM ,35000.0,05/11/15
PLAY ON ,RAPHAEL ,SOMNAMBULES ,PM ,35000.0,02/04/15
PLAY ON ,ZUT ,TROTRO FAIT SON CIRQUE ,PM ,35000.0,05/11/15
PLAY ON ,BLACK M ,DANS MA RUE ,VM ,15000.0,28/05/15
PLAY ON ,DJ KAYZ feat GRADUR ,COLLE SERRE ,VM ,10000.0,17/12/15
PLAY ON ,GREGOIRE ,LES POINTS SUR LES I ,VM ,7000.0,02/04/15
PLAY ON ,H MAGNUM ,BRAQUER NOS REVES ,VM ,6000.0,17/12/15
PLAY ON ,H MAGNUM FEAT BLACK M ,AUCUN MYTHO ,VM ,10000.0,09/07/15
PLAY ON ,H MAGNUM FEAT INDILLA ,GARDE L’EQUILIBRE ,VM ,20000.0,17/09/15
PLAY ON ,HAYCE LEMSI ,JE BOXE AVEC LES MOTS ,VM ,6000.0,17/12/15
PLAY ON ,KIDS UNITED ,IMAGINE ,VM ,10000.0,17/12/15
PLAY ON ,KIDS UNITED ,ON ECRIT SUR LES MURS ,VM ,12000.0,17/09/15
PLAY ON ,LEE MASH UP ,TON HEROS ,VM ,9000.0,10/02/15
PLAY ON ,LUMBERJACK FEAT CHRIS WILLIS ,REACH FOR THE SKY ,VM ,10000.0,17/12/15
PLAY ON ,LUYANNA & MAMPI ,WALILOWELELA ,VM ,14000.0,10/02/15
PLAY ON ,MAUDE ,JAMAIS ,VM ,12000.0,09/07/15
PLAY ON ,MAUDE FEAT. BIG ALI ,DONNE MOI LE LA ,VM ,12000.0,02/04/15
PLAY ON ,MICHAEL CANITROT ,CHAIN REACTION ,VM ,10000.0,17/09/15
PLAY ON ,MIKY UNO FEAT. WILLY WILLIAM ,LE BORDEL ,VM ,10000.0,10/02/15
PLAY ON ,MOKOBE FEAT GRADUR ,WESH ,VM ,10000.0,17/09/15
PLAY ON ,MOKOBE FEAT P-SQUARE ,GETTING DOWN ,VM ,9000.0,28/05/15
PLAY ON ,RAPHAEL ,EYES ON THE ISLAND ,VM ,18000.0,05/11/15
PLAY ON ,RAPHAEL ,SOMNAMBULE ,VM ,20000.0,10/02/15
PLAY ON ,ROLLON ,RUN AWAY ,VM ,10000.0,05/11/15
PLAY ON ,SHANIZ ,C’EST FINI ,VM ,13000.0,02/04/15
PLAY ON ,SLAI ,STOP ENCORE ,VM ,9000.0,28/05/15
PLAY ON ,VALENTIN MARCEAU ,TOUT LE CONTRAIRE ,VM ,10000.0,17/09/15
PLAY ON ,WILLY WILLIAM ,TE QUIERO ,VM ,10000.0,28/05/15
PLAY ON ,WILLY WILLIAM ,EGO ,VM ,14000.0,05/11/15
PLAY ON ,ZAK & DIEGO ,PAS DE SOUCIS ,VM ,8000.0,09/07/15
PLAY ON ,ZAK & DIEGO FEAT. SOPRANO ,MAMA ,VM ,9000.0,02/04/15
PLAY ON ,ZAZ ,SI JAMAIS J’OUBLIE ,VM ,7000.0,17/09/15
PLAY ON ,ZAZ ,SOUS LE CIEL DE PARIS ,VM ,15000.0,10/02/15
POLYCHRONE SAS ,TRIO ATLANTES ,VARIATIONS GOLDBERG ,CD ,2000.0,09/07/15
POP NOIRE ,LESCOP ,LE JEU ,CD ,20000.0,10/02/15
QUOI DE NEUF DOCTEUR ,SERGE ADAM/BENOIT DELBECQ/PHILIPPE FOCH ,LES AMANTS DE JULIETTES S’ELECTROLYSENT ,SALLE ,960.0,12/05/15
RAGEOT EDITEUR ,AIMEE DE LA SALLE ,LES TROIS PETITS COCHONS MOUSTACHUS ,CD ,2000.0,28/05/15
RAGEOT EDITEUR ,CECILE BERGAME/TIMOTHEE JOLY ,"HOP, DANS LA LUNE ! ",CD ,2000.0,05/11/15
RAGEOT EDITEUR ,PASCAL PARISOT ,CHAT CHAT CHAT ,CD ,5000.0,28/05/15
RAGEOT EDITEUR ,PIERRE DELYE ,SSI J TE MORDS T ES MORT ,CD ,3000.0,17/09/15
RAGEOT EDITEUR ,PASCAL PARISOT ,CHAT CHAT CHAT ,SALLE ,1920.0,24/08/15
RECORD MAKERS ,TURZI ,COLOMBE ,VM ,6000.0,02/04/15
REMOVE YA SOUND ,CITY KAY ,DAYSTAR ,PM ,2000.0,09/07/15
REMOVE YA SOUND ,CITY KAY ,DAYSTAR ,TS ,2000.0,17/09/15
REMOVE YA SOUND ,CITY KAY ,STRUCK YOU ,VM ,1000.0,17/09/15
ROSCIA RECORDS ,GLASGOW ,ANTHROPOCENE EPISODE 1 ,SALLE ,1800.0,19/10/15
ROSCIA RECORDS ,GLASGOW ,CONTRE LA MONTRE ,VM ,2000.0,05/11/15
SACRE CŒUR MUSIC ,EINLEIT ,LOVERS BE ALERT ,Formation ,1650.0,19/11/15
SACRE CŒUR MUSIC ,FACADES ,THOSE WHO CROSSED TERRITORIES ,SALLE ,1520.0,24/08/15
SCARLETT PRODUCTIONS EDITIONS ,MATT LOW ,BANZAI ,CD ,2500.0,17/09/15
SCORPIO MUSIC ,SUBVENTION 2014 ,,MUZICENTER ,5642.5,16/02/15
SCORPIO MUSIC ,DJ ASSAD FEAT LUYANNA ET JESSY MATADOR ,VENGA VENGA ,VM ,17000.0,17/09/15
SCORPIO MUSIC ,DJ ASSAD FEAT. GREG PARYS ,WE ARE ONE ,VM ,10000.0,02/04/15
SCORPIO MUSIC ,JACK PERRY ,DIME ,VM ,18000.0,17/09/15
SCORPIO MUSIC ,MAKASSY ,TANT QU ON RESPIRE ,VM ,4500.0,17/12/15
SCORPIO MUSIC ,MAKASSY ,SOLDAT ,VM ,9000.0,17/09/15
SCORPIO MUSIC ,MAKASSY ,DANSE DANSE DANSE ,VM ,11500.0,17/12/15
SIRVENTES ,DU BARTAS ,DU BARTAS 5EME ALBUM ,CD ,3000.0,05/11/15
SOSTENUTO ,PRESQUE OUI ,DE TOUTE EVIDENCE ,SALLE ,2240.0,04/05/15
SOULBEATS RECORDS ,LMK ,MUSICAL GARDEN ,Formation ,1650.0,01/12/15
SOULBEATS RECORDS ,SINSEMILIA ,UN AUTRE MONDE EST POSSIBLE ,PM ,8000.0,17/12/15
SOULBEATS RECORDS ,NAAMAN ,RAYS OF RESISTANCE ,SALLE ,6636.0,18/11/15
SOULBEATS RECORDS ,SINSEMILIA ,UN AUTRE MONDE EST POSSIBLE ,SALLE ,6160.0,18/11/15
SPACE PARTY ,SUBVENTION 2014 ,,MUZICENTER ,6932.5,06/03/15
SPACE PARTY ,DJ LBR FEAT MR VEGAS ET PAPA LONDON ,ADREANLINE RUSH ,VM ,3500.0,05/11/15
SPACE PARTY ,PAPA LONDON ,BLESSIN LOV ,VM ,3000.0,09/07/15
SPACE PARTY ,SANDY GROUND FACTORY ,LET’S GO TWERKING ,VM ,2000.0,02/04/15
STARDOWN ,ELECTRO DELUXE ,OPUS 5 - CIRCLE ,CD ,4000.0,17/12/15
STARDOWN ,ELECTRO DELUXE ,HOME TOUR 2015 ,TS ,5000.0,02/04/15
SUTHER KANE FILMS ,LINO ,REQUIEM ,SALLE ,6160.0,06/03/15
SUTHER KANE FILMS ,LEJ ,MASH UP HIP HOP ,VM ,2000.0,17/12/15
SUTHER KANE FILMS ,LEJ ,HANGING TREE ,VM ,6000.0,17/12/15
SUTHER KANE FILMS ,LEJ ,LA DALLE ,VM ,10000.0,17/12/15
SYNTHESE AUDIO ET CREATION ,ANDY EMLER MEGAOCTET ,OBSESSION 3 ,CD ,1000.0,09/07/15
SYNTHESE AUDIO ET CREATION ,BRUNO ANGELINI ,INSTANT SHARINGS ,CD ,2000.0,10/02/15
SYNTHESE AUDIO ET CREATION ,VINCENT COURTOIS ,WEST ,CD ,2000.0,10/02/15
SYNTHESE AUDIO ET CREATION ,BRUNO ANGELINI ,INSTANT SHARINGS ,SALLE ,960.0,03/06/15
TACET ,JEAN GUIDONI ,PARIS MILAN ,SALLE ,4640.0,22/01/15
TAKLIT ,"ZINA TAMIATTO, EMMANUELLE REMIRES, FRANCOIS MOREL ",UNE HISTOIRE D’AUCASSIN ET NICOLETTE ,CD ,2000.0,10/02/15
TEKINI RECORDS ,MANU ,LA VERITE ,CD ,2000.0,17/09/15
TEKINI RECORDS ,MANU ,TOI ET MOI ,VM ,2000.0,17/09/15
TER A TERRE ,THE INSPECTOR CLUZO ,ROCKFARMERS ,CD ,2000.0,05/11/15
TER A TERRE ,THE INSPECTOR CLUZO ,ROCKFARMERS TOUR ,TS ,4000.0,17/12/15
TF1 ENTREPRISES ,ANGGUN ,TOUJOURS UN AILLEURS ,CD ,25000.0,09/07/15
TF1 ENTREPRISES ,DAVIDE ESPOSITO ,ROMA CALIFORNIA ,CD ,30000.0,28/05/15
TF1 ENTREPRISES ,ANGGUN ,TOUJOURS UN AILLEIRS ,PM ,20000.0,17/12/15
TF1 ENTREPRISES ,DAVIDE ESPOSITO ,ROMA CALIFORNIA ,PM ,20000.0,17/09/15
TF1 ENTREPRISES ,FOREVER GENTLEMEN ,FOREVER GENTLEMEN - VOL 2 ,PM ,20000.0,10/02/15
TF1 ENTREPRISES ,THE KING S SON ,THE KING’S SON ,PM ,35000.0,05/11/15
TF1 ENTREPRISES ,DAVIDE ESPOSITO ,ROMA CALIFORNIA ,SALLE ,2240.0,08/12/15
TF1 ENTREPRISES ,ANGGUN ,NOS VIES PARALLELES ,VM ,15000.0,17/09/15
TF1 ENTREPRISES ,DAVIDE ESPOSITO ,OGGI PIOGGIA ,VM ,8000.0,09/07/15
TF1 ENTREPRISES ,DAVIDE ESPOSITO ,A CAVALLO DEL VENTO ,VM ,10000.0,28/05/15
TF1 ENTREPRISES ,FOREVER GENTLEMEN ,LES GRANDS BOULEVARDS ,VM ,10000.0,10/02/15
TF1 ENTREPRISES ,LES PRETRES ,L’HOMME EN BLANC ,VM ,8500.0,05/11/15
TF1 ENTREPRISES ,THE KING S SON ,EVERYDAY PEOPLE ,VM ,7000.0,09/07/15
TF1 ENTREPRISES ,VINCENT NICLO ,POUR UNE FOIS ,VM ,8000.0,02/04/15
TF1 ENTREPRISES ,VINCENT NICLO ,DIVINO ,VM ,15000.0,10/02/15
THE BACK OFFICE ,MATTHIAS ZIMMERMANN ,MATTHIAS ZIMMERMANN ,CD ,3000.0,17/09/15
THREE DYKES AND A HALF ,NOVA MATERIA ,CONTORSIONS ,CD ,7000.0,02/04/15
THREE DYKES AND A HALF ,C. A. R. ,LA PETITE FILLE DU TROISIEME ,VM ,8000.0,10/02/15
THREE DYKES AND A HALF ,IL EST VILAINE ,SURF RIDER ,VM ,5000.0,17/09/15
THREE DYKES AND A HALF ,NOVA MATERIA ,APARECE EN LOS SUENOS ,VM ,2000.0,02/04/15
TLF PRODUCTIONS ,TLF ,NO LIMIT ,CD ,8000.0,28/05/15
TLF PRODUCTIONS ,TLF FEAT. NASSI ,JE NE SUIS QU’UN HOMME ,VM ,4000.0,28/05/15
TRANSFUGES ,ANDROMAKERS ,ANTIQUES ,CD ,2000.0,02/04/15
TRANSFUGES ,ANDROMAKERS ,EVEREST ,VM ,2000.0,17/12/15
TRAQUENARD PRODUCTION ,FAUT QU CA GUINCHE ,MOTS MELES ,SALLE ,876.0,19/02/15
TREPAN RECORDS ,ONE WAY MIRROR ,WARNINGS ,VM ,1500.0,17/09/15
TZIG ART ,CLOTILDE ,XX ,CD ,1000.0,17/12/15
UNDERDOG RECORDS ,SUBVENTION 2014 ,,MUZICENTER ,1395.0,16/02/15
UNDERDOG RECORDS ,CONGOPUNG ,NO GUNS MORE DRUMS ,PM ,3000.0,10/02/15
UNDERDOG RECORDS ,DAFUNIKS ,PAST PRESENT FUTURE ,PM ,3000.0,17/12/15
UNDERDOG RECORDS ,D BANGERZ ,HIP-HOP CENTIPEDE ,SALLE ,1760.0,30/03/15
UNDERDOG RECORDS ,DAFUNIKS ,PAST PRESENT FUTURE ,SALLE ,2000.0,10/03/15
UNIVERSEUL ,ODEZENNE ,DOLZIGER STR 2 ,CD ,20000.0,05/11/15
UPTON PARK PUBLISHING ,THOMAS HOWARD MEMORIAL ,BAD THINGS ,VM ,5000.0,09/07/15
VAI LA BOTT ,SISKA ,BADLY ,VM ,2000.0,05/11/15
VELVET COLISEUM ,COLOURS IN THE STREET ,THE GODS OF WONDER ,VM ,1000.0,17/12/15
VERONE PRODUCTIONS ,LES MAUVAISES LANGUES ,PORCELAINE ,SALLE ,640.0,04/06/15
VERSATILE ,THE EXPLOSIONS ,THE EXPLOSIONS (TBC) ,CD ,4000.0,28/05/15
VERY GOOD TEAM ,SUBVENTION 2014 ,,MUZICENTER ,317.5,25/02/15
VF MUSIQUES (TOT OU TARD) ,L - RAPHAELE LANNADERE ,L - ECLIPSE ,CD ,29000.0,02/04/15
VF MUSIQUES (TOT OU TARD) ,NICOLAS MICHAUX ,NOUVEAU DEPART ,CD ,24000.0,17/12/15
VF MUSIQUES (TOT OU TARD) ,SUBVENTION 2014 ,,MUZICENTER ,2620.0,09/01/15
VF MUSIQUES (TOT OU TARD) ,LUCE ,CHAUD ,PM ,7000.0,09/07/15
VF MUSIQUES (TOT OU TARD) ,SHAKA PONK ,THE BLACK PIXEL APE ,PM ,25000.0,10/02/15
VF MUSIQUES (TOT OU TARD) ,VIANNEY ,IDEES BLANCHES ,PM ,35000.0,02/04/15
VF MUSIQUES (TOT OU TARD) ,YAEL NAIM ,OLDER ,PM ,30000.0,09/07/15
VF MUSIQUES (TOT OU TARD) ,VIANNEY ,IDEES BLANCHES ,SALLE ,1920.0,22/01/15
VF MUSIQUES (TOT OU TARD) ,VIANNEY ,IDEES BLANCHES ,TS ,17000.0,28/05/15
VF MUSIQUES (TOT OU TARD) ,CATS ON TREES & CALOGERO ,JIMMY ,VM ,11000.0,28/05/15
VF MUSIQUES (TOT OU TARD) ,L - RAPHAELE LANNADERE ,J’ACCELERE ,VM ,7000.0,05/11/15
VF MUSIQUES (TOT OU TARD) ,LUCE ,POLKA ,VM ,5000.0,10/02/15
VF MUSIQUES (TOT OU TARD) ,LUCE ,MALIBU ,VM ,6000.0,02/04/15
VF MUSIQUES (TOT OU TARD) ,ODEZENNE ,CABRIOLET ,VM ,7000.0,05/11/15
VF MUSIQUES (TOT OU TARD) ,ODEZENNE ,VILAINE ,VM ,10000.0,17/09/15
VF MUSIQUES (TOT OU TARD) ,ODEZENNE ,BOUCHE A LEVRES ,VM ,17000.0,17/09/15
VF MUSIQUES (TOT OU TARD) ,VIANNEY ,VERONICA ,VM ,12000.0,28/05/15
VF MUSIQUES (TOT OU TARD) ,YAEL NAIM ,DREAM IN MY HAND ,VM ,7000.0,10/02/15
VICTORIE MUSIC ,ALAIN SCHNEIDER ,AUX ANTIPODES ,CD ,8000.0,17/12/15
VICTORIE MUSIC ,JACQUES HAUROGNE ,OH LES PIEDS ! ,CD ,3500.0,17/12/15
VICTORIE MUSIC ,JACQUES HAUROGNE ,OH LES MAINS ! ,CD ,6000.0,02/04/15
VICTORIE MUSIC ,SOPHIE FORTE ,JE DEMENAGE ,CD ,6000.0,09/07/15
VICTORIE MUSIC ,STEVE WARING ,ANAE ,CD ,4000.0,28/05/15
VICTORIE MUSIC ,JACQUES HAUROGNE ,OH LES MAINS ! ,VM ,9000.0,02/04/15
VIETNAM SARL ,51 BLACK SUPER ,51 BLACK SUPER ,CD ,2000.0,02/04/15
VIETNAM SARL ,PHARAON DE WINTER ,PHARAON DE WINTER ,CD ,5000.0,28/05/15
VIETNAM SARL ,H BURNS ,NIGHT MOVES ,SALLE ,2000.0,25/02/15
VIETNAM SARL ,H BURNS ,NIGHT MOVES ,VM ,2000.0,02/04/15
VIETNAM SARL ,PHARAON DE WINTER ,ULTRAMARINE ,VM ,2000.0,05/11/15
VIETNAM SARL ,PHARAON DE WINTER ,POINTILLISME ,VM ,3000.0,28/05/15
VOLVOX MUSIC ,PSYCHO MUTANTS ,BABY BURN ,SALLE ,1800.0,06/03/15
WAGRAM MUSIC ,BEL PLAINE ,BEL PLAINE (tbc) ,CD ,20000.0,10/02/15
WAGRAM MUSIC ,BERTRAND BELIN ,ALBUM 5 - CAP WALLER ,CD ,22000.0,09/07/15
WAGRAM MUSIC ,CASSEURS FLOWTERS ,COMMENT C’EST LOIN ,CD ,25000.0,05/11/15
WAGRAM MUSIC ,DIESELLE ,DIESELLE (tbc) ,CD ,23000.0,02/04/15
WAGRAM MUSIC ,HAZERKA ,POUR UN AUTRE ,CD ,4000.0,05/11/15
WAGRAM MUSIC ,LAS AVES ,LAS AVES (tbc) ,CD ,20000.0,10/02/15
WAGRAM MUSIC ,LUIDJI ,PARISIEN ,CD ,6000.0,17/09/15
WAGRAM MUSIC ,MAISSIAT ,ALBUM 2 (tbc) ,CD ,22000.0,02/04/15
WAGRAM MUSIC ,RIDSA ,TRANQUILLE ,CD ,35000.0,05/11/15
WAGRAM MUSIC ,SOOM T ,FREE AS A BIRD ,CD ,24000.0,17/09/15
WAGRAM MUSIC ,SOVIET SUPREM ,L’INTERNATIONALE - BONUS EDITION ,CD ,3000.0,02/04/15
WAGRAM MUSIC ,TOM FIRE ,LOW FIDELITY ,CD ,8000.0,10/02/15
WAGRAM MUSIC ,YVES JAMAIT ,JE ME SOUVIENS ,CD ,25000.0,28/05/15
WAGRAM MUSIC ,HAZERKA ,ALBUM 1 ,Formation ,1500.0,24/09/15
WAGRAM MUSIC ,SUBVENTION 2014 ,,MUZICENTER ,7572.5,16/02/15
WAGRAM MUSIC ,AARON ,WE CUT THE NIGHT ,PM ,35000.0,17/12/15
WAGRAM MUSIC ,ALPHA BLONDY ,POSITIVE ENERGY ,PM ,15000.0,17/09/15
WAGRAM MUSIC ,BIGA RANX ,NIGHTBIRD ,PM ,20000.0,17/09/15
WAGRAM MUSIC ,CHEIKH LO ,BALBALOU ,PM ,15000.0,05/11/15
WAGRAM MUSIC ,DOMINIQUE A ,ELEOR ,PM ,35000.0,17/09/15
WAGRAM MUSIC ,ZOUFRIS MARACAS ,CHIENNE DE VIE ,PM ,18000.0,17/12/15
WAGRAM MUSIC ,BERTRAND BELIN ,CAP WALLER ,SALLE ,6636.0,07/12/15
WAGRAM MUSIC ,GENERAL ELEKTRIKS ,TBC ,SALLE ,6636.0,18/11/15
WAGRAM MUSIC ,TOM FIRE ,LOW FIDELITY ,SALLE ,2000.0,24/08/15
WAGRAM MUSIC ,AARON ,WE CUT THE NIGHT ,TS ,7000.0,17/09/15
WAGRAM MUSIC ,BERTRAND BELIN ,CAP WALLER ,TS ,10000.0,05/11/15
WAGRAM MUSIC ,BIGA RANX ,NIGHT BIRD ,TS ,6000.0,10/02/15
WAGRAM MUSIC ,DOMINIQUE A ,ELEOR ,TS ,7000.0,05/11/15
WAGRAM MUSIC ,ROVER ,LET IT GLOW ,TS ,20000.0,17/12/15
WAGRAM MUSIC ,TOM FIRE ,LOW FIDELITY - TOUR 2015-2016 ,TS ,5000.0,17/12/15
WAGRAM MUSIC ,ZOUFRIS MARACAS ,CHIENNE DE VIE ,TS ,5000.0,09/07/15
WAGRAM MUSIC ,AARON ,ONASIS ,VM ,15000.0,28/05/15
WAGRAM MUSIC ,AARON ,LEFTOVERS ,VM ,15000.0,28/05/15
WAGRAM MUSIC ,ALPHA BLONDY ,NO BRAIN NO HEADACHE ,VM ,4000.0,28/05/15
WAGRAM MUSIC ,ARKADIN ,SOUS LE VOLCAN ,VM ,6000.0,17/12/15
WAGRAM MUSIC ,BEL PLAINE ,LIFE BOAT ,VM ,9000.0,17/09/15
WAGRAM MUSIC ,BERTRAND BELIN ,JE PARLE EN FOU ,VM ,7000.0,17/09/15
WAGRAM MUSIC ,BIGA RANX ,DJ FOR THE NIGHT/DOUBLE TROUBLE ,VM ,3000.0,28/05/15
WAGRAM MUSIC ,BIGA RANX ,SEXY FEAT. BIG RED ,VM ,8000.0,28/05/15
WAGRAM MUSIC ,CARAVAN PALACE ,COMICS ,VM ,8000.0,09/07/15
WAGRAM MUSIC ,CARAVAN PALACE ,LONE DIGGER ,VM ,8000.0,17/12/15
WAGRAM MUSIC ,CASSEURS FLOWTERS ,A L HEURE OU JE ME COUCHE ,VM ,8000.0,17/12/15
WAGRAM MUSIC ,CHEIKH LO ,DEGG GUI ,VM ,5000.0,02/04/15
WAGRAM MUSIC ,CORNEILLE ,CE RECIT ,VM ,5000.0,10/02/15
WAGRAM MUSIC ,DIESELLE ,KANYELELE FEAT KAY FIGO ,VM ,4000.0,17/12/15
WAGRAM MUSIC ,DIESELLE ,DJ ,VM ,8000.0,09/07/15
WAGRAM MUSIC ,DOMINIQUE A ,AU REVOIR MON AMOUR ,VM ,7000.0,10/02/15
WAGRAM MUSIC ,GENERAL ELEKTRIKS ,ANGLE BOOGIE ,VM ,6000.0,17/12/15
WAGRAM MUSIC ,GENERAL ELEKTRIKS ,WHISPER TO ME ,VM ,14000.0,05/11/15
WAGRAM MUSIC ,JESSY MATADOR ,ZULUMINATI ,VM ,4000.0,10/02/15
WAGRAM MUSIC ,JSK FEAT TITO PRINCE ,DANSER SUR LE MONDE ,VM ,3000.0,10/02/15
WAGRAM MUSIC ,LAS AVES ,LOS ANGELERS ,VM ,5000.0,10/02/15
WAGRAM MUSIC ,LAS AVES ,GASOLINE ,VM ,10000.0,02/04/15
WAGRAM MUSIC ,LOGOBI GT ,MARIE DO (FEAT FALLY IPUPA) ,VM ,4000.0,10/02/15
WAGRAM MUSIC ,RIDSA ,LA C’EST DIE ,VM ,4000.0,05/11/15
WAGRAM MUSIC ,ROVER ,CALL MY NAME ,VM ,10000.0,05/11/15
WAGRAM MUSIC ,SOOM T ,HARD TIME ,VM ,10000.0,17/12/15
WAGRAM MUSIC ,SOOM T ,BROKEN ROBOTS ,VM ,14000.0,05/11/15
WAGRAM MUSIC ,THE DO ,TRUSTFUL HANDS ,VM ,10000.0,05/11/15
WAGRAM MUSIC ,THE DO ,ANITA NO ,VM ,14000.0,17/12/15
WAGRAM MUSIC ,TOM FIRE ,TAKE A WALK (FEAT. SOOM T) ,VM ,14000.0,09/07/15
WEDGE ,IMARHAN ,IMARHAN ,CD ,6000.0,05/11/15
WEDGE ,TINARIWEN ,YOUF EHAKET ,CD ,15000.0,02/04/15
WEDGE ,IMARHAN ,TARHA TADAGH ,VM ,2000.0,05/11/15
X RAY PRODUCTION ,BIGA RANX ,NIGHT BIRD ,CD ,6000.0,10/02/15
X RAY PRODUCTION ,JANICE IN THE NOISE ,SLEEPING WITH ,CD ,2000.0,28/05/15
X RAY PRODUCTION ,KIZ ,KIZ ,Formation ,1650.0,21/10/15
X RAY PRODUCTION ,JANICE IN THE NOISE ,LP1 ,SALLE ,2000.0,24/08/15
X RAY PRODUCTION ,BIG RED ,CROSS BREED TOUR ,TS ,2000.0,10/02/15
XIII BIS MUSIC ,JIA RUHAN ,RENDEZ VOUS ,CD ,3000.0,09/07/15
XIII BIS MUSIC ,THE GIPSY S ,ASIAN ENCUENTROS ,CD ,4000.0,17/12/15
XIII BIS MUSIC ,JIA RUHAN ,WELCOME HOME ,VM ,1000.0,09/07/15
XIII BIS MUSIC ,THE GIPSY S ,LA CAMARGUE ,VM ,1000.0,17/12/15
YANIS RECORDS ,HAPPY FAMILY ,FUNKY TOWN ,VM ,5000.0,05/11/15
YANIS RECORDS ,SUPERFUNK ET RONNCARROLL ,GIRL IT’S TRUE ,VM ,8000.0,05/11/15
YOTANKA PRODUCTIONS ,ARM / TEPR ,PSAUMES ,CD ,4500.0,17/12/15
YOTANKA PRODUCTIONS ,OH MORICE ,EN COURS ,CD ,3000.0,28/05/15
YOTANKA PRODUCTIONS ,ROBERT LE MAGNIFIQUE ,FUCK THE HELL YEAH !!! ,CD ,3000.0,09/07/15
YOTANKA PRODUCTIONS ,KID FRANCESCOLI ,WITH JULIA ,Formation ,1650.0,03/06/15
YOTANKA PRODUCTIONS ,KID FRANCESCOLI ,WITH JULIA ,PM ,3000.0,10/02/15
YOTANKA PRODUCTIONS ,PUTS MARIE ,MASOCH I-II ,PM ,4000.0,05/11/15
YOTANKA PRODUCTIONS ,KID FRANCESCOLI ,WITH JULIA ,SALLE ,1760.0,06/03/15
YOTANKA PRODUCTIONS ,ZENZILE ,BERLIN ,SALLE ,1920.0,24/08/15
YOTANKA PRODUCTIONS ,PUTS MARIE ,MASOCH I II ,TS ,2000.0,05/11/15
YOTANKA PRODUCTIONS ,KID FRANCESCOLI ,DOES SHE ? ,VM ,5000.0,10/02/15
YOTANKA PRODUCTIONS ,SAMBA DE LA MUERTE ,YOU NEVER KNOW WHEN I LIE ,VM ,3500.0,17/12/15
YOTANKA PRODUCTIONS ,VON PARIAHS ,BIKE CRASH ,VM ,4000.0,17/12/15
YOUZ ,TELDEM COM’UNITY ,INSTANT MIND BLOW ,CD ,2000.0,17/12/15
YOUZ ,ILTIKA ,HYBRIDE ,SALLE ,1680.0,10/04/15
YOUZ ,TELDEM COM’UNITY ,ENTERTAINMENT ,VM ,1000.0,17/12/15
ZZ PRODUCTIONS ,TRIO NOUVEAUX SIECLES ,A LA MANIÈRE DE CHICAGO ,CD ,2000.0,05/11/15
ZZ PRODUCTIONS ,LOU MARCO ,SOUS LA PEAU ,Formation ,1650.0,24/03/15
ZZ PRODUCTIONS ,SUBVENTION 2014 ,,MUZICENTER ,1262.5,16/02/15
ZZ PRODUCTIONS ,DJAZIA SATOUR ,ALWANE ,PM ,4000.0,10/02/15
